--------------------------------------------------------
-- Archivo creado  - viernes-octubre-27-2023   
--------------------------------------------------------
REM INSERTING into EIR.OF_AUTENTICACION
SET DEFINE OFF;
Insert into EIR.OF_AUTENTICACION (TIPO_AUTENTICACION,HOSTNAME,PUERTO,DOMINIO) values ('BD','192.168.1.50','389','icleverly.com');
REM INSERTING into EIR.OF_MENU
SET DEFINE OFF;
Insert into EIR.OF_MENU (MENU,NOMBRE,SISTEMA,COD_USUARIO,FEC_ACTUALIZACION) values ('3','SBS','SUPERINTENDENCIA BANCA Y SEGUROS','1',to_date('22/11/04','DD/MM/RR'));
REM INSERTING into EIR.OF_MENU_OPCION
SET DEFINE OFF;
Insert into EIR.OF_MENU_OPCION (MENU_OPCION,NOMBRE,MENU,COD_USUARIO,FEC_ACTUALIZACION,TIPO_OPCION,ITEM_OPCION,IND_ACTIVO,PROGRAMA,ICONO,ESTADO) values ('S03002','Cliente Deudor','3','1',to_date('07/12/06','DD/MM/RR'),'O','S03','S','EIR00029',null,'1');
Insert into EIR.OF_MENU_OPCION (MENU_OPCION,NOMBRE,MENU,COD_USUARIO,FEC_ACTUALIZACION,TIPO_OPCION,ITEM_OPCION,IND_ACTIVO,PROGRAMA,ICONO,ESTADO) values ('S03003','Cliente','3','1',to_date('07/12/06','DD/MM/RR'),'O','S03','S','EIR00043',null,'1');
Insert into EIR.OF_MENU_OPCION (MENU_OPCION,NOMBRE,MENU,COD_USUARIO,FEC_ACTUALIZACION,TIPO_OPCION,ITEM_OPCION,IND_ACTIVO,PROGRAMA,ICONO,ESTADO) values ('S03004','Financimiento Funcionarios y Familiares','3','1',to_date('07/12/06','DD/MM/RR'),'O','S03','S','EIR00093',null,'0');
Insert into EIR.OF_MENU_OPCION (MENU_OPCION,NOMBRE,MENU,COD_USUARIO,FEC_ACTUALIZACION,TIPO_OPCION,ITEM_OPCION,IND_ACTIVO,PROGRAMA,ICONO,ESTADO) values ('S04','Reportes','3','1',to_date('22/11/04','DD/MM/RR'),'M',null,'S',null,'fa-file-text-o','1');
Insert into EIR.OF_MENU_OPCION (MENU_OPCION,NOMBRE,MENU,COD_USUARIO,FEC_ACTUALIZACION,TIPO_OPCION,ITEM_OPCION,IND_ACTIVO,PROGRAMA,ICONO,ESTADO) values ('S04001','Reportes','3','1',to_date('07/12/06','DD/MM/RR'),'O','S04','S','EIR00073',null,'1');
Insert into EIR.OF_MENU_OPCION (MENU_OPCION,NOMBRE,MENU,COD_USUARIO,FEC_ACTUALIZACION,TIPO_OPCION,ITEM_OPCION,IND_ACTIVO,PROGRAMA,ICONO,ESTADO) values ('S05','Seguridad','3','1',to_date('22/11/04','DD/MM/RR'),'M',null,'S',null,'fa-user-lock','1');
Insert into EIR.OF_MENU_OPCION (MENU_OPCION,NOMBRE,MENU,COD_USUARIO,FEC_ACTUALIZACION,TIPO_OPCION,ITEM_OPCION,IND_ACTIVO,PROGRAMA,ICONO,ESTADO) values ('S05002','Cambio Clave','3','1',to_date('22/11/04','DD/MM/RR'),'O','S05','S','GAF00016',null,'1');
Insert into EIR.OF_MENU_OPCION (MENU_OPCION,NOMBRE,MENU,COD_USUARIO,FEC_ACTUALIZACION,TIPO_OPCION,ITEM_OPCION,IND_ACTIVO,PROGRAMA,ICONO,ESTADO) values ('S05007','Parametros','3','1',to_date('07/12/06','DD/MM/RR'),'O','S05','S','EIR00062',null,'1');
Insert into EIR.OF_MENU_OPCION (MENU_OPCION,NOMBRE,MENU,COD_USUARIO,FEC_ACTUALIZACION,TIPO_OPCION,ITEM_OPCION,IND_ACTIVO,PROGRAMA,ICONO,ESTADO) values ('S01001001007','Categoria','3','1',to_date('07/12/06','DD/MM/RR'),'O','S01001001','S','EIR00096',null,'0');
Insert into EIR.OF_MENU_OPCION (MENU_OPCION,NOMBRE,MENU,COD_USUARIO,FEC_ACTUALIZACION,TIPO_OPCION,ITEM_OPCION,IND_ACTIVO,PROGRAMA,ICONO,ESTADO) values ('S01001001008','Clasificadora Riesgo','3','1',to_date('07/12/06','DD/MM/RR'),'O','S01001001','S','EIR00097',null,'0');
Insert into EIR.OF_MENU_OPCION (MENU_OPCION,NOMBRE,MENU,COD_USUARIO,FEC_ACTUALIZACION,TIPO_OPCION,ITEM_OPCION,IND_ACTIVO,PROGRAMA,ICONO,ESTADO) values ('S01001001009','Categoria Clasificadora','3','1',to_date('07/12/06','DD/MM/RR'),'O','S01001001','S','EIR00098',null,'0');
Insert into EIR.OF_MENU_OPCION (MENU_OPCION,NOMBRE,MENU,COD_USUARIO,FEC_ACTUALIZACION,TIPO_OPCION,ITEM_OPCION,IND_ACTIVO,PROGRAMA,ICONO,ESTADO) values ('S01001001010','Sistema Financiero','3','1',to_date('07/12/06','DD/MM/RR'),'O','S01001001','S','EIR00103',null,'1');
Insert into EIR.OF_MENU_OPCION (MENU_OPCION,NOMBRE,MENU,COD_USUARIO,FEC_ACTUALIZACION,TIPO_OPCION,ITEM_OPCION,IND_ACTIVO,PROGRAMA,ICONO,ESTADO) values ('S01001001011','Tipo Empresa','3','1',to_date('07/12/06','DD/MM/RR'),'O','S01001001','S','EIR00102',null,'0');
Insert into EIR.OF_MENU_OPCION (MENU_OPCION,NOMBRE,MENU,COD_USUARIO,FEC_ACTUALIZACION,TIPO_OPCION,ITEM_OPCION,IND_ACTIVO,PROGRAMA,ICONO,ESTADO) values ('S01001001016','Agencia','3','1',to_date('13/04/07','DD/MM/RR'),'O','S01001001','S','EIR00137',null,'1');
Insert into EIR.OF_MENU_OPCION (MENU_OPCION,NOMBRE,MENU,COD_USUARIO,FEC_ACTUALIZACION,TIPO_OPCION,ITEM_OPCION,IND_ACTIVO,PROGRAMA,ICONO,ESTADO) values ('S01001012001','Equivalencia Tipo Documento','3','1',to_date('13/04/07','DD/MM/RR'),'O','S01001012','S','EIR00114',null,'0');
Insert into EIR.OF_MENU_OPCION (MENU_OPCION,NOMBRE,MENU,COD_USUARIO,FEC_ACTUALIZACION,TIPO_OPCION,ITEM_OPCION,IND_ACTIVO,PROGRAMA,ICONO,ESTADO) values ('S01001011','Balance Comprobacion','3','1',to_date('01/02/06','DD/MM/RR'),'M','S01001','S',null,null,'0');
Insert into EIR.OF_MENU_OPCION (MENU_OPCION,NOMBRE,MENU,COD_USUARIO,FEC_ACTUALIZACION,TIPO_OPCION,ITEM_OPCION,IND_ACTIVO,PROGRAMA,ICONO,ESTADO) values ('S01001011001','Plan Cuenta','3','1',to_date('07/12/06','DD/MM/RR'),'O','S01001011','S','EIR00106',null,'0');
Insert into EIR.OF_MENU_OPCION (MENU_OPCION,NOMBRE,MENU,COD_USUARIO,FEC_ACTUALIZACION,TIPO_OPCION,ITEM_OPCION,IND_ACTIVO,PROGRAMA,ICONO,ESTADO) values ('S01001011002','Nivel Cuenta','3','1',to_date('07/12/06','DD/MM/RR'),'O','S01001011','S','EIR00107',null,'0');
Insert into EIR.OF_MENU_OPCION (MENU_OPCION,NOMBRE,MENU,COD_USUARIO,FEC_ACTUALIZACION,TIPO_OPCION,ITEM_OPCION,IND_ACTIVO,PROGRAMA,ICONO,ESTADO) values ('S01001011003','Configuracion Cuenta','3','1',to_date('07/12/06','DD/MM/RR'),'O','S01001011','S','EIR00108',null,'0');
Insert into EIR.OF_MENU_OPCION (MENU_OPCION,NOMBRE,MENU,COD_USUARIO,FEC_ACTUALIZACION,TIPO_OPCION,ITEM_OPCION,IND_ACTIVO,PROGRAMA,ICONO,ESTADO) values ('S01007','Balance Comprobacion','3','1',to_date('07/12/06','DD/MM/RR'),'O','S01','S','EIR00105',null,'1');
Insert into EIR.OF_MENU_OPCION (MENU_OPCION,NOMBRE,MENU,COD_USUARIO,FEC_ACTUALIZACION,TIPO_OPCION,ITEM_OPCION,IND_ACTIVO,PROGRAMA,ICONO,ESTADO) values ('S01001010','RRHH','3','1',to_date('22/11/04','DD/MM/RR'),'M','S01001','S',null,'fa-handshake-o','1');
Insert into EIR.OF_MENU_OPCION (MENU_OPCION,NOMBRE,MENU,COD_USUARIO,FEC_ACTUALIZACION,TIPO_OPCION,ITEM_OPCION,IND_ACTIVO,PROGRAMA,ICONO,ESTADO) values ('S01001010001','Equivalencia Documentos de Identidad','3','1',to_date('07/12/06','DD/MM/RR'),'O','S01001010','S','EIR00090',null,'0');
Insert into EIR.OF_MENU_OPCION (MENU_OPCION,NOMBRE,MENU,COD_USUARIO,FEC_ACTUALIZACION,TIPO_OPCION,ITEM_OPCION,IND_ACTIVO,PROGRAMA,ICONO,ESTADO) values ('S01001010002','Equivalencia de Estado Civil','3','1',to_date('07/12/06','DD/MM/RR'),'O','S01001010','S','EIR00091',null,'0');
Insert into EIR.OF_MENU_OPCION (MENU_OPCION,NOMBRE,MENU,COD_USUARIO,FEC_ACTUALIZACION,TIPO_OPCION,ITEM_OPCION,IND_ACTIVO,PROGRAMA,ICONO,ESTADO) values ('S01001010003','Parentesco de empleados','3','1',to_date('07/12/06','DD/MM/RR'),'O','S01001010','S','EIR00092',null,'0');
Insert into EIR.OF_MENU_OPCION (MENU_OPCION,NOMBRE,MENU,COD_USUARIO,FEC_ACTUALIZACION,TIPO_OPCION,ITEM_OPCION,IND_ACTIVO,PROGRAMA,ICONO,ESTADO) values ('S03006','Codigo Unico Cliente','3','1',to_date('07/12/06','DD/MM/RR'),'O','S03','S','EIR00124',null,'0');
Insert into EIR.OF_MENU_OPCION (MENU_OPCION,NOMBRE,MENU,COD_USUARIO,FEC_ACTUALIZACION,TIPO_OPCION,ITEM_OPCION,IND_ACTIVO,PROGRAMA,ICONO,ESTADO) values ('S01001012002','Ocupacion','3','1',to_date('13/04/07','DD/MM/RR'),'O','S01001012','S','EIR00136',null,'0');
Insert into EIR.OF_MENU_OPCION (MENU_OPCION,NOMBRE,MENU,COD_USUARIO,FEC_ACTUALIZACION,TIPO_OPCION,ITEM_OPCION,IND_ACTIVO,PROGRAMA,ICONO,ESTADO) values ('S01001012003','Sectorista','3','1',to_date('13/04/07','DD/MM/RR'),'O','S01001012','S','EIR00135',null,'0');
Insert into EIR.OF_MENU_OPCION (MENU_OPCION,NOMBRE,MENU,COD_USUARIO,FEC_ACTUALIZACION,TIPO_OPCION,ITEM_OPCION,IND_ACTIVO,PROGRAMA,ICONO,ESTADO) values ('S01001009020','Indicador','3','1',to_date('02/06/10','DD/MM/RR'),'O','S01001009','S','EIR00146',null,'0');
Insert into EIR.OF_MENU_OPCION (MENU_OPCION,NOMBRE,MENU,COD_USUARIO,FEC_ACTUALIZACION,TIPO_OPCION,ITEM_OPCION,IND_ACTIVO,PROGRAMA,ICONO,ESTADO) values ('S01001009022','Factor Conversion Crediticio','3','1',to_date('06/06/10','DD/MM/RR'),'O','S01001009','S','EIR00148',null,'0');
Insert into EIR.OF_MENU_OPCION (MENU_OPCION,NOMBRE,MENU,COD_USUARIO,FEC_ACTUALIZACION,TIPO_OPCION,ITEM_OPCION,IND_ACTIVO,PROGRAMA,ICONO,ESTADO) values ('S01001008009','Proceso Vigencia','3','1',to_date('24/07/10','DD/MM/RR'),'O','S01001008','S','EIR00149',null,'0');
Insert into EIR.OF_MENU_OPCION (MENU_OPCION,NOMBRE,MENU,COD_USUARIO,FEC_ACTUALIZACION,TIPO_OPCION,ITEM_OPCION,IND_ACTIVO,PROGRAMA,ICONO,ESTADO) values ('S01018','RTC','3','1',to_date('04/09/11','DD/MM/RR'),'M','S01','S',null,null,'0');
Insert into EIR.OF_MENU_OPCION (MENU_OPCION,NOMBRE,MENU,COD_USUARIO,FEC_ACTUALIZACION,TIPO_OPCION,ITEM_OPCION,IND_ACTIVO,PROGRAMA,ICONO,ESTADO) values ('S01018001','Tablas','3','1',to_date('04/09/11','DD/MM/RR'),'M','S01018','S',null,null,'0');
Insert into EIR.OF_MENU_OPCION (MENU_OPCION,NOMBRE,MENU,COD_USUARIO,FEC_ACTUALIZACION,TIPO_OPCION,ITEM_OPCION,IND_ACTIVO,PROGRAMA,ICONO,ESTADO) values ('S01018001001','Tipo Moneda','3','1',to_date('04/09/11','DD/MM/RR'),'O','S01018001','S','EIR00198',null,'0');
Insert into EIR.OF_MENU_OPCION (MENU_OPCION,NOMBRE,MENU,COD_USUARIO,FEC_ACTUALIZACION,TIPO_OPCION,ITEM_OPCION,IND_ACTIVO,PROGRAMA,ICONO,ESTADO) values ('S01018001002','Tipo Reporte','3','1',to_date('04/09/11','DD/MM/RR'),'O','S01018001','S','EIR00199',null,'0');
Insert into EIR.OF_MENU_OPCION (MENU_OPCION,NOMBRE,MENU,COD_USUARIO,FEC_ACTUALIZACION,TIPO_OPCION,ITEM_OPCION,IND_ACTIVO,PROGRAMA,ICONO,ESTADO) values ('S01018001003','Tipo Cuenta Corriente','3','1',to_date('04/09/11','DD/MM/RR'),'O','S01018001','S','EIR00200',null,'0');
Insert into EIR.OF_MENU_OPCION (MENU_OPCION,NOMBRE,MENU,COD_USUARIO,FEC_ACTUALIZACION,TIPO_OPCION,ITEM_OPCION,IND_ACTIVO,PROGRAMA,ICONO,ESTADO) values ('S01018001004','Tipo Tarjeta Credito','3','1',to_date('04/09/11','DD/MM/RR'),'O','S01018001','S','EIR00201',null,'0');
Insert into EIR.OF_MENU_OPCION (MENU_OPCION,NOMBRE,MENU,COD_USUARIO,FEC_ACTUALIZACION,TIPO_OPCION,ITEM_OPCION,IND_ACTIVO,PROGRAMA,ICONO,ESTADO) values ('S01018001005','Motivo Anulacion','3','1',to_date('04/09/11','DD/MM/RR'),'O','S01018001','S','EIR00202',null,'0');
Insert into EIR.OF_MENU_OPCION (MENU_OPCION,NOMBRE,MENU,COD_USUARIO,FEC_ACTUALIZACION,TIPO_OPCION,ITEM_OPCION,IND_ACTIVO,PROGRAMA,ICONO,ESTADO) values ('S01018002','Clientes','3','1',to_date('04/09/11','DD/MM/RR'),'O','S01018','S','EIR00203',null,'0');
Insert into EIR.OF_MENU_OPCION (MENU_OPCION,NOMBRE,MENU,COD_USUARIO,FEC_ACTUALIZACION,TIPO_OPCION,ITEM_OPCION,IND_ACTIVO,PROGRAMA,ICONO,ESTADO) values ('S01001001018','Valor PBI Anual','3','1',to_date('25/04/12','DD/MM/RR'),'O','S01001001','S','EIR00206',null,'0');
Insert into EIR.OF_MENU_OPCION (MENU_OPCION,NOMBRE,MENU,COD_USUARIO,FEC_ACTUALIZACION,TIPO_OPCION,ITEM_OPCION,IND_ACTIVO,PROGRAMA,ICONO,ESTADO) values ('S01017002','Cliente','3','1',to_date('19/03/11','DD/MM/RR'),'O','S01017','S','EIR00195',null,'0');
Insert into EIR.OF_MENU_OPCION (MENU_OPCION,NOMBRE,MENU,COD_USUARIO,FEC_ACTUALIZACION,TIPO_OPCION,ITEM_OPCION,IND_ACTIVO,PROGRAMA,ICONO,ESTADO) values ('S01017003','Modelo Rating','3','1',to_date('19/03/11','DD/MM/RR'),'O','S01017','S','EIR00196',null,'0');
Insert into EIR.OF_MENU_OPCION (MENU_OPCION,NOMBRE,MENU,COD_USUARIO,FEC_ACTUALIZACION,TIPO_OPCION,ITEM_OPCION,IND_ACTIVO,PROGRAMA,ICONO,ESTADO) values ('S01017004','Transferencia Cartera','3','1',to_date('19/03/11','DD/MM/RR'),'O','S01017','S','EIR00197',null,'0');
Insert into EIR.OF_MENU_OPCION (MENU_OPCION,NOMBRE,MENU,COD_USUARIO,FEC_ACTUALIZACION,TIPO_OPCION,ITEM_OPCION,IND_ACTIVO,PROGRAMA,ICONO,ESTADO) values ('S01017001','Tablas','3','1',to_date('19/03/11','DD/MM/RR'),'M','S01017','S',null,null,'0');
Insert into EIR.OF_MENU_OPCION (MENU_OPCION,NOMBRE,MENU,COD_USUARIO,FEC_ACTUALIZACION,TIPO_OPCION,ITEM_OPCION,IND_ACTIVO,PROGRAMA,ICONO,ESTADO) values ('S01017005','Producto Default','3','1',to_date('17/04/12','DD/MM/RR'),'O','S01017','S','EIR00205',null,'0');
Insert into EIR.OF_MENU_OPCION (MENU_OPCION,NOMBRE,MENU,COD_USUARIO,FEC_ACTUALIZACION,TIPO_OPCION,ITEM_OPCION,IND_ACTIVO,PROGRAMA,ICONO,ESTADO) values ('S01019','Anexo Documento','3','1',to_date('07/12/06','DD/MM/RR'),'O','S01','S','EIR00210',null,'0');
Insert into EIR.OF_MENU_OPCION (MENU_OPCION,NOMBRE,MENU,COD_USUARIO,FEC_ACTUALIZACION,TIPO_OPCION,ITEM_OPCION,IND_ACTIVO,PROGRAMA,ICONO,ESTADO) values ('S01017','CRO','3','1',to_date('19/03/11','DD/MM/RR'),'M','S01','S',null,null,'0');
Insert into EIR.OF_MENU_OPCION (MENU_OPCION,NOMBRE,MENU,COD_USUARIO,FEC_ACTUALIZACION,TIPO_OPCION,ITEM_OPCION,IND_ACTIVO,PROGRAMA,ICONO,ESTADO) values ('S01017001001','Agrupacion Bien Garantia','3','1',to_date('19/03/11','DD/MM/RR'),'O','S01017001','S','EIR00150',null,'0');
Insert into EIR.OF_MENU_OPCION (MENU_OPCION,NOMBRE,MENU,COD_USUARIO,FEC_ACTUALIZACION,TIPO_OPCION,ITEM_OPCION,IND_ACTIVO,PROGRAMA,ICONO,ESTADO) values ('S01017001002','Cancelacion Unilateral','3','1',to_date('19/03/11','DD/MM/RR'),'O','S01017001','S','EIR00151',null,'0');
Insert into EIR.OF_MENU_OPCION (MENU_OPCION,NOMBRE,MENU,COD_USUARIO,FEC_ACTUALIZACION,TIPO_OPCION,ITEM_OPCION,IND_ACTIVO,PROGRAMA,ICONO,ESTADO) values ('S01017001003','Categoria Calificacion Externa','3','1',to_date('19/03/11','DD/MM/RR'),'O','S01017001','S','EIR00152',null,'0');
Insert into EIR.OF_MENU_OPCION (MENU_OPCION,NOMBRE,MENU,COD_USUARIO,FEC_ACTUALIZACION,TIPO_OPCION,ITEM_OPCION,IND_ACTIVO,PROGRAMA,ICONO,ESTADO) values ('S01017001004','Clasificacion Riesgo Externa','3','1',to_date('19/03/11','DD/MM/RR'),'O','S01017001','S','EIR00153',null,'0');
Insert into EIR.OF_MENU_OPCION (MENU_OPCION,NOMBRE,MENU,COD_USUARIO,FEC_ACTUALIZACION,TIPO_OPCION,ITEM_OPCION,IND_ACTIVO,PROGRAMA,ICONO,ESTADO) values ('S01017001005','Empresa Seguros','3','1',to_date('19/03/11','DD/MM/RR'),'O','S01017001','S','EIR00154',null,'0');
Insert into EIR.OF_MENU_OPCION (MENU_OPCION,NOMBRE,MENU,COD_USUARIO,FEC_ACTUALIZACION,TIPO_OPCION,ITEM_OPCION,IND_ACTIVO,PROGRAMA,ICONO,ESTADO) values ('S01017001006','Estado Modelo','3','1',to_date('19/03/11','DD/MM/RR'),'O','S01017001','S','EIR00155',null,'0');
Insert into EIR.OF_MENU_OPCION (MENU_OPCION,NOMBRE,MENU,COD_USUARIO,FEC_ACTUALIZACION,TIPO_OPCION,ITEM_OPCION,IND_ACTIVO,PROGRAMA,ICONO,ESTADO) values ('S01017001007','Indicador Multilinea','3','1',to_date('19/03/11','DD/MM/RR'),'O','S01017001','S','EIR00156',null,'0');
Insert into EIR.OF_MENU_OPCION (MENU_OPCION,NOMBRE,MENU,COD_USUARIO,FEC_ACTUALIZACION,TIPO_OPCION,ITEM_OPCION,IND_ACTIVO,PROGRAMA,ICONO,ESTADO) values ('S01017001008','Indicador Bloqueo Lineas','3','1',to_date('19/03/11','DD/MM/RR'),'O','S01017001','S','EIR00157',null,'0');
Insert into EIR.OF_MENU_OPCION (MENU_OPCION,NOMBRE,MENU,COD_USUARIO,FEC_ACTUALIZACION,TIPO_OPCION,ITEM_OPCION,IND_ACTIVO,PROGRAMA,ICONO,ESTADO) values ('S01017001009','Indicador Deuda Vinculada','3','1',to_date('19/03/11','DD/MM/RR'),'O','S01017001','S','EIR00158',null,'0');
Insert into EIR.OF_MENU_OPCION (MENU_OPCION,NOMBRE,MENU,COD_USUARIO,FEC_ACTUALIZACION,TIPO_OPCION,ITEM_OPCION,IND_ACTIVO,PROGRAMA,ICONO,ESTADO) values ('S01017001010','Indicador Financiamiento Especializado','3','1',to_date('19/03/11','DD/MM/RR'),'O','S01017001','S','EIR00159',null,'0');
Insert into EIR.OF_MENU_OPCION (MENU_OPCION,NOMBRE,MENU,COD_USUARIO,FEC_ACTUALIZACION,TIPO_OPCION,ITEM_OPCION,IND_ACTIVO,PROGRAMA,ICONO,ESTADO) values ('S01017001011','Indicador Garantia Compartida','3','1',to_date('19/03/11','DD/MM/RR'),'O','S01017001','S','EIR00160',null,'0');
Insert into EIR.OF_MENU_OPCION (MENU_OPCION,NOMBRE,MENU,COD_USUARIO,FEC_ACTUALIZACION,TIPO_OPCION,ITEM_OPCION,IND_ACTIVO,PROGRAMA,ICONO,ESTADO) values ('S01017001012','Indicador Poliza Seguro','3','1',to_date('19/03/11','DD/MM/RR'),'O','S01017001','S','EIR00161',null,'0');
Insert into EIR.OF_MENU_OPCION (MENU_OPCION,NOMBRE,MENU,COD_USUARIO,FEC_ACTUALIZACION,TIPO_OPCION,ITEM_OPCION,IND_ACTIVO,PROGRAMA,ICONO,ESTADO) values ('S01017001013','Indicador Situacion Garantia','3','1',to_date('19/03/11','DD/MM/RR'),'O','S01017001','S','EIR00162',null,'0');
Insert into EIR.OF_MENU_OPCION (MENU_OPCION,NOMBRE,MENU,COD_USUARIO,FEC_ACTUALIZACION,TIPO_OPCION,ITEM_OPCION,IND_ACTIVO,PROGRAMA,ICONO,ESTADO) values ('S01017001014','Indicador Transferencia o Adquision Cartera','3','1',to_date('19/03/11','DD/MM/RR'),'O','S01017001','S','EIR00163',null,'0');
Insert into EIR.OF_MENU_OPCION (MENU_OPCION,NOMBRE,MENU,COD_USUARIO,FEC_ACTUALIZACION,TIPO_OPCION,ITEM_OPCION,IND_ACTIVO,PROGRAMA,ICONO,ESTADO) values ('S01017001015','Indicador Tratamiento Especial Exposicion','3','1',to_date('19/03/11','DD/MM/RR'),'O','S01017001','S','EIR00164',null,'0');
Insert into EIR.OF_MENU_OPCION (MENU_OPCION,NOMBRE,MENU,COD_USUARIO,FEC_ACTUALIZACION,TIPO_OPCION,ITEM_OPCION,IND_ACTIVO,PROGRAMA,ICONO,ESTADO) values ('S01017001016','Metodo Estimacion Requerimiento Patrimonio Efectivo','3','1',to_date('19/03/11','DD/MM/RR'),'O','S01017001','S','EIR00165',null,'0');
Insert into EIR.OF_MENU_OPCION (MENU_OPCION,NOMBRE,MENU,COD_USUARIO,FEC_ACTUALIZACION,TIPO_OPCION,ITEM_OPCION,IND_ACTIVO,PROGRAMA,ICONO,ESTADO) values ('S01017001017','Modalidad Pago','3','1',to_date('19/03/11','DD/MM/RR'),'O','S01017001','S','EIR00166',null,'0');
Insert into EIR.OF_MENU_OPCION (MENU_OPCION,NOMBRE,MENU,COD_USUARIO,FEC_ACTUALIZACION,TIPO_OPCION,ITEM_OPCION,IND_ACTIVO,PROGRAMA,ICONO,ESTADO) values ('S01017001018','Modalidad Venta','3','1',to_date('19/03/11','DD/MM/RR'),'O','S01017001','S','EIR00167',null,'0');
Insert into EIR.OF_MENU_OPCION (MENU_OPCION,NOMBRE,MENU,COD_USUARIO,FEC_ACTUALIZACION,TIPO_OPCION,ITEM_OPCION,IND_ACTIVO,PROGRAMA,ICONO,ESTADO) values ('S01017001019','Motivo Garantia','3','1',to_date('19/03/11','DD/MM/RR'),'O','S01017001','S','EIR00168',null,'0');
Insert into EIR.OF_MENU_OPCION (MENU_OPCION,NOMBRE,MENU,COD_USUARIO,FEC_ACTUALIZACION,TIPO_OPCION,ITEM_OPCION,IND_ACTIVO,PROGRAMA,ICONO,ESTADO) values ('S01017001020','Motivo Operacion','3','1',to_date('19/03/11','DD/MM/RR'),'O','S01017001','S','EIR00169',null,'0');
Insert into EIR.OF_MENU_OPCION (MENU_OPCION,NOMBRE,MENU,COD_USUARIO,FEC_ACTUALIZACION,TIPO_OPCION,ITEM_OPCION,IND_ACTIVO,PROGRAMA,ICONO,ESTADO) values ('S01017001021','Plazo Clasificacion Riesgo Externa','3','1',to_date('19/03/11','DD/MM/RR'),'O','S01017001','S','EIR00170',null,'0');
Insert into EIR.OF_MENU_OPCION (MENU_OPCION,NOMBRE,MENU,COD_USUARIO,FEC_ACTUALIZACION,TIPO_OPCION,ITEM_OPCION,IND_ACTIVO,PROGRAMA,ICONO,ESTADO) values ('S01017001022','Relacion Empresa Informante','3','1',to_date('19/03/11','DD/MM/RR'),'O','S01017001','S','EIR00171',null,'0');
Insert into EIR.OF_MENU_OPCION (MENU_OPCION,NOMBRE,MENU,COD_USUARIO,FEC_ACTUALIZACION,TIPO_OPCION,ITEM_OPCION,IND_ACTIVO,PROGRAMA,ICONO,ESTADO) values ('S01017001023','Responsabilidad Empresa Reportante','3','1',to_date('19/03/11','DD/MM/RR'),'O','S01017001','S','EIR00172',null,'0');
Insert into EIR.OF_MENU_OPCION (MENU_OPCION,NOMBRE,MENU,COD_USUARIO,FEC_ACTUALIZACION,TIPO_OPCION,ITEM_OPCION,IND_ACTIVO,PROGRAMA,ICONO,ESTADO) values ('S01017001024','Revolvencia Linea','3','1',to_date('19/03/11','DD/MM/RR'),'O','S01017001','S','EIR00173',null,'0');
Insert into EIR.OF_MENU_OPCION (MENU_OPCION,NOMBRE,MENU,COD_USUARIO,FEC_ACTUALIZACION,TIPO_OPCION,ITEM_OPCION,IND_ACTIVO,PROGRAMA,ICONO,ESTADO) values ('S01017001025','Sustitucion Contraparte','3','1',to_date('19/03/11','DD/MM/RR'),'O','S01017001','S','EIR00174',null,'0');
Insert into EIR.OF_MENU_OPCION (MENU_OPCION,NOMBRE,MENU,COD_USUARIO,FEC_ACTUALIZACION,TIPO_OPCION,ITEM_OPCION,IND_ACTIVO,PROGRAMA,ICONO,ESTADO) values ('S01017001026','Tipo Bien','3','1',to_date('19/03/11','DD/MM/RR'),'O','S01017001','S','EIR00175',null,'0');
Insert into EIR.OF_MENU_OPCION (MENU_OPCION,NOMBRE,MENU,COD_USUARIO,FEC_ACTUALIZACION,TIPO_OPCION,ITEM_OPCION,IND_ACTIVO,PROGRAMA,ICONO,ESTADO) values ('S01017001027','Tipo Cartera','3','1',to_date('19/03/11','DD/MM/RR'),'O','S01017001','S','EIR00176',null,'0');
Insert into EIR.OF_MENU_OPCION (MENU_OPCION,NOMBRE,MENU,COD_USUARIO,FEC_ACTUALIZACION,TIPO_OPCION,ITEM_OPCION,IND_ACTIVO,PROGRAMA,ICONO,ESTADO) values ('S01017001028','Tipo Cliente Empresarial','3','1',to_date('19/03/11','DD/MM/RR'),'O','S01017001','S','EIR00177',null,'0');
Insert into EIR.OF_MENU_OPCION (MENU_OPCION,NOMBRE,MENU,COD_USUARIO,FEC_ACTUALIZACION,TIPO_OPCION,ITEM_OPCION,IND_ACTIVO,PROGRAMA,ICONO,ESTADO) values ('S01017001029','Tipo Cobertura','3','1',to_date('19/03/11','DD/MM/RR'),'O','S01017001','S','EIR00178',null,'0');
Insert into EIR.OF_MENU_OPCION (MENU_OPCION,NOMBRE,MENU,COD_USUARIO,FEC_ACTUALIZACION,TIPO_OPCION,ITEM_OPCION,IND_ACTIVO,PROGRAMA,ICONO,ESTADO) values ('S01017001030','Tipo Emisor','3','1',to_date('19/03/11','DD/MM/RR'),'O','S01017001','S','EIR00179',null,'0');
Insert into EIR.OF_MENU_OPCION (MENU_OPCION,NOMBRE,MENU,COD_USUARIO,FEC_ACTUALIZACION,TIPO_OPCION,ITEM_OPCION,IND_ACTIVO,PROGRAMA,ICONO,ESTADO) values ('S01017001031','Tipo Garantia','3','1',to_date('19/03/11','DD/MM/RR'),'O','S01017001','S','EIR00180',null,'0');
Insert into EIR.OF_MENU_OPCION (MENU_OPCION,NOMBRE,MENU,COD_USUARIO,FEC_ACTUALIZACION,TIPO_OPCION,ITEM_OPCION,IND_ACTIVO,PROGRAMA,ICONO,ESTADO) values ('S01017001032','Tipo Gracia','3','1',to_date('19/03/11','DD/MM/RR'),'O','S01017001','S','EIR00181',null,'0');
Insert into EIR.OF_MENU_OPCION (MENU_OPCION,NOMBRE,MENU,COD_USUARIO,FEC_ACTUALIZACION,TIPO_OPCION,ITEM_OPCION,IND_ACTIVO,PROGRAMA,ICONO,ESTADO) values ('S01017001033','Tipo Identificacion','3','1',to_date('19/03/11','DD/MM/RR'),'O','S01017001','S','EIR00182',null,'0');
Insert into EIR.OF_MENU_OPCION (MENU_OPCION,NOMBRE,MENU,COD_USUARIO,FEC_ACTUALIZACION,TIPO_OPCION,ITEM_OPCION,IND_ACTIVO,PROGRAMA,ICONO,ESTADO) values ('S01017001034','Tipo Linea','3','1',to_date('19/03/11','DD/MM/RR'),'O','S01017001','S','EIR00183',null,'0');
Insert into EIR.OF_MENU_OPCION (MENU_OPCION,NOMBRE,MENU,COD_USUARIO,FEC_ACTUALIZACION,TIPO_OPCION,ITEM_OPCION,IND_ACTIVO,PROGRAMA,ICONO,ESTADO) values ('S01017001035','Tipo Operacion','3','1',to_date('19/03/11','DD/MM/RR'),'O','S01017001','S','EIR00184',null,'0');
Insert into EIR.OF_MENU_OPCION (MENU_OPCION,NOMBRE,MENU,COD_USUARIO,FEC_ACTUALIZACION,TIPO_OPCION,ITEM_OPCION,IND_ACTIVO,PROGRAMA,ICONO,ESTADO) values ('S01017001036','Tipo Producto','3','1',to_date('19/03/11','DD/MM/RR'),'O','S01017001','S','EIR00185',null,'0');
Insert into EIR.OF_MENU_OPCION (MENU_OPCION,NOMBRE,MENU,COD_USUARIO,FEC_ACTUALIZACION,TIPO_OPCION,ITEM_OPCION,IND_ACTIVO,PROGRAMA,ICONO,ESTADO) values ('S01017001037','Tipo Receptor Cartera','3','1',to_date('19/03/11','DD/MM/RR'),'O','S01017001','S','EIR00186',null,'0');
Insert into EIR.OF_MENU_OPCION (MENU_OPCION,NOMBRE,MENU,COD_USUARIO,FEC_ACTUALIZACION,TIPO_OPCION,ITEM_OPCION,IND_ACTIVO,PROGRAMA,ICONO,ESTADO) values ('S01017001038','Tipo Tasa Interes','3','1',to_date('19/03/11','DD/MM/RR'),'O','S01017001','S','EIR00187',null,'0');
Insert into EIR.OF_MENU_OPCION (MENU_OPCION,NOMBRE,MENU,COD_USUARIO,FEC_ACTUALIZACION,TIPO_OPCION,ITEM_OPCION,IND_ACTIVO,PROGRAMA,ICONO,ESTADO) values ('S01017001039','Tipo Titulo Valor','3','1',to_date('19/03/11','DD/MM/RR'),'O','S01017001','S','EIR00188',null,'0');
Insert into EIR.OF_MENU_OPCION (MENU_OPCION,NOMBRE,MENU,COD_USUARIO,FEC_ACTUALIZACION,TIPO_OPCION,ITEM_OPCION,IND_ACTIVO,PROGRAMA,ICONO,ESTADO) values ('S01017001040','Tipo Transferencia o Adquisicion','3','1',to_date('19/03/11','DD/MM/RR'),'O','S01017001','S','EIR00189',null,'0');
Insert into EIR.OF_MENU_OPCION (MENU_OPCION,NOMBRE,MENU,COD_USUARIO,FEC_ACTUALIZACION,TIPO_OPCION,ITEM_OPCION,IND_ACTIVO,PROGRAMA,ICONO,ESTADO) values ('S01017001041','Tipo Garantia Colateral','3','1',to_date('19/03/11','DD/MM/RR'),'O','S01017001','S','EIR00190',null,'0');
Insert into EIR.OF_MENU_OPCION (MENU_OPCION,NOMBRE,MENU,COD_USUARIO,FEC_ACTUALIZACION,TIPO_OPCION,ITEM_OPCION,IND_ACTIVO,PROGRAMA,ICONO,ESTADO) values ('S01017001042','Tipo Indexacion Tasa Interes','3','1',to_date('19/03/11','DD/MM/RR'),'O','S01017001','S','EIR00191',null,'0');
Insert into EIR.OF_MENU_OPCION (MENU_OPCION,NOMBRE,MENU,COD_USUARIO,FEC_ACTUALIZACION,TIPO_OPCION,ITEM_OPCION,IND_ACTIVO,PROGRAMA,ICONO,ESTADO) values ('S01017001043','Tipo Propietario Garantia','3','1',to_date('19/03/11','DD/MM/RR'),'O','S01017001','S','EIR00192',null,'0');
Insert into EIR.OF_MENU_OPCION (MENU_OPCION,NOMBRE,MENU,COD_USUARIO,FEC_ACTUALIZACION,TIPO_OPCION,ITEM_OPCION,IND_ACTIVO,PROGRAMA,ICONO,ESTADO) values ('S01017001044','Vinculacion Empresa Informante','3','1',to_date('19/03/11','DD/MM/RR'),'O','S01017001','S','EIR00193',null,'0');
Insert into EIR.OF_MENU_OPCION (MENU_OPCION,NOMBRE,MENU,COD_USUARIO,FEC_ACTUALIZACION,TIPO_OPCION,ITEM_OPCION,IND_ACTIVO,PROGRAMA,ICONO,ESTADO) values ('S01017001045','Reporte','3','1',to_date('19/03/11','DD/MM/RR'),'O','S01017001','S','EIR00194',null,'0');
Insert into EIR.OF_MENU_OPCION (MENU_OPCION,NOMBRE,MENU,COD_USUARIO,FEC_ACTUALIZACION,TIPO_OPCION,ITEM_OPCION,IND_ACTIVO,PROGRAMA,ICONO,ESTADO) values ('S01017001046','EIR_CRO_PRODUCTO_DEFAULT','3','1',to_date('19/03/11','DD/MM/RR'),'O','S01017001','S','EIR00204',null,'0');
Insert into EIR.OF_MENU_OPCION (MENU_OPCION,NOMBRE,MENU,COD_USUARIO,FEC_ACTUALIZACION,TIPO_OPCION,ITEM_OPCION,IND_ACTIVO,PROGRAMA,ICONO,ESTADO) values ('S01001009021','Tipo Deudor','3','1',to_date('04/06/10','DD/MM/RR'),'O','S01001009','S','EIR00147',null,'0');
Insert into EIR.OF_MENU_OPCION (MENU_OPCION,NOMBRE,MENU,COD_USUARIO,FEC_ACTUALIZACION,TIPO_OPCION,ITEM_OPCION,IND_ACTIVO,PROGRAMA,ICONO,ESTADO) values ('S00','Inicio','3','1',to_date('22/11/04','DD/MM/RR'),'M',null,'S',null,'fa-bar-chart','1');
Insert into EIR.OF_MENU_OPCION (MENU_OPCION,NOMBRE,MENU,COD_USUARIO,FEC_ACTUALIZACION,TIPO_OPCION,ITEM_OPCION,IND_ACTIVO,PROGRAMA,ICONO,ESTADO) values ('S01001008007','Proceso Contable','3','1',to_date('07/12/06','DD/MM/RR'),'O','S01001008','S','EIR00120',null,'0');
Insert into EIR.OF_MENU_OPCION (MENU_OPCION,NOMBRE,MENU,COD_USUARIO,FEC_ACTUALIZACION,TIPO_OPCION,ITEM_OPCION,IND_ACTIVO,PROGRAMA,ICONO,ESTADO) values ('S02001','Carga Interfaz Código Unico','3','1',to_date('07/12/06','DD/MM/RR'),'O','S02','S','EIR00109',null,'1');
Insert into EIR.OF_MENU_OPCION (MENU_OPCION,NOMBRE,MENU,COD_USUARIO,FEC_ACTUALIZACION,TIPO_OPCION,ITEM_OPCION,IND_ACTIVO,PROGRAMA,ICONO,ESTADO) values ('S01001008008','Proceso Dinamica Contable','3','1',to_date('07/12/06','DD/MM/RR'),'O','S01001008','S','EIR00121',null,'0');
Insert into EIR.OF_MENU_OPCION (MENU_OPCION,NOMBRE,MENU,COD_USUARIO,FEC_ACTUALIZACION,TIPO_OPCION,ITEM_OPCION,IND_ACTIVO,PROGRAMA,ICONO,ESTADO) values ('S01001004004','Attribute Source','3','1',to_date('07/12/06','DD/MM/RR'),'O','S01001004','S','EIR00100',null,'0');
Insert into EIR.OF_MENU_OPCION (MENU_OPCION,NOMBRE,MENU,COD_USUARIO,FEC_ACTUALIZACION,TIPO_OPCION,ITEM_OPCION,IND_ACTIVO,PROGRAMA,ICONO,ESTADO) values ('S01001004003','Source','3','1',to_date('07/12/06','DD/MM/RR'),'O','S01001004','S','EIR00099',null,'0');
Insert into EIR.OF_MENU_OPCION (MENU_OPCION,NOMBRE,MENU,COD_USUARIO,FEC_ACTUALIZACION,TIPO_OPCION,ITEM_OPCION,IND_ACTIVO,PROGRAMA,ICONO,ESTADO) values ('S01001008006','Proceso Secuencia','3','1',to_date('07/12/06','DD/MM/RR'),'O','S01001008','S','EIR00101',null,'0');
Insert into EIR.OF_MENU_OPCION (MENU_OPCION,NOMBRE,MENU,COD_USUARIO,FEC_ACTUALIZACION,TIPO_OPCION,ITEM_OPCION,IND_ACTIVO,PROGRAMA,ICONO,ESTADO) values ('S03005','Clientes RCC','3','1',to_date('07/12/06','DD/MM/RR'),'O','S03','S','EIR00111',null,'1');
Insert into EIR.OF_MENU_OPCION (MENU_OPCION,NOMBRE,MENU,COD_USUARIO,FEC_ACTUALIZACION,TIPO_OPCION,ITEM_OPCION,IND_ACTIVO,PROGRAMA,ICONO,ESTADO) values ('S01001007003','Producto Dias Atraso','3','1',to_date('07/12/06','DD/MM/RR'),'O','S01001007','S','EIR00126',null,'0');
Insert into EIR.OF_MENU_OPCION (MENU_OPCION,NOMBRE,MENU,COD_USUARIO,FEC_ACTUALIZACION,TIPO_OPCION,ITEM_OPCION,IND_ACTIVO,PROGRAMA,ICONO,ESTADO) values ('S01002007','Anexo Proceso','3','1',to_date('13/04/07','DD/MM/RR'),'O','S01002','S','EIR00082',null,'0');
Insert into EIR.OF_MENU_OPCION (MENU_OPCION,NOMBRE,MENU,COD_USUARIO,FEC_ACTUALIZACION,TIPO_OPCION,ITEM_OPCION,IND_ACTIVO,PROGRAMA,ICONO,ESTADO) values ('S01016','Creditos Directores','3','1',to_date('13/04/07','DD/MM/RR'),'O','S01','S','EIR00140',null,'0');
Insert into EIR.OF_MENU_OPCION (MENU_OPCION,NOMBRE,MENU,COD_USUARIO,FEC_ACTUALIZACION,TIPO_OPCION,ITEM_OPCION,IND_ACTIVO,PROGRAMA,ICONO,ESTADO) values ('S01001012','Consumo','3','1',to_date('13/04/07','DD/MM/RR'),'M','S01001','S',null,null,'0');
Insert into EIR.OF_MENU_OPCION (MENU_OPCION,NOMBRE,MENU,COD_USUARIO,FEC_ACTUALIZACION,TIPO_OPCION,ITEM_OPCION,IND_ACTIVO,PROGRAMA,ICONO,ESTADO) values ('S01001001017','Agencia por Oficina','3','1',to_date('13/04/07','DD/MM/RR'),'O','S01001001','S','EIR00138',null,'1');
Insert into EIR.OF_MENU_OPCION (MENU_OPCION,NOMBRE,MENU,COD_USUARIO,FEC_ACTUALIZACION,TIPO_OPCION,ITEM_OPCION,IND_ACTIVO,PROGRAMA,ICONO,ESTADO) values ('S01014','Clientes Dias Atraso','3','1',to_date('11/12/06','DD/MM/RR'),'O','S01','S','EIR00128',null,'0');
Insert into EIR.OF_MENU_OPCION (MENU_OPCION,NOMBRE,MENU,COD_USUARIO,FEC_ACTUALIZACION,TIPO_OPCION,ITEM_OPCION,IND_ACTIVO,PROGRAMA,ICONO,ESTADO) values ('S03007','Cliente Dias Atraso','3','1',to_date('11/12/06','DD/MM/RR'),'O','S03','S','EIR00127',null,'0');
Insert into EIR.OF_MENU_OPCION (MENU_OPCION,NOMBRE,MENU,COD_USUARIO,FEC_ACTUALIZACION,TIPO_OPCION,ITEM_OPCION,IND_ACTIVO,PROGRAMA,ICONO,ESTADO) values ('S01001007004','Producto Parametros Atraso','3','1',to_date('15/01/07','DD/MM/RR'),'O','S01001007','S','EIR00133',null,'0');
Insert into EIR.OF_MENU_OPCION (MENU_OPCION,NOMBRE,MENU,COD_USUARIO,FEC_ACTUALIZACION,TIPO_OPCION,ITEM_OPCION,IND_ACTIVO,PROGRAMA,ICONO,ESTADO) values ('S01008','Interface','3','1',to_date('07/12/06','DD/MM/RR'),'O','S01','S','EIR00119',null,'0');
Insert into EIR.OF_MENU_OPCION (MENU_OPCION,NOMBRE,MENU,COD_USUARIO,FEC_ACTUALIZACION,TIPO_OPCION,ITEM_OPCION,IND_ACTIVO,PROGRAMA,ICONO,ESTADO) values ('S01001009016','RCC Cuenta Contable','3','1',to_date('26/06/07','DD/MM/RR'),'O','S01001009','S','EIR00113',null,'0');
Insert into EIR.OF_MENU_OPCION (MENU_OPCION,NOMBRE,MENU,COD_USUARIO,FEC_ACTUALIZACION,TIPO_OPCION,ITEM_OPCION,IND_ACTIVO,PROGRAMA,ICONO,ESTADO) values ('S01001009018','Matriz Clase Renta','3','1',to_date('26/06/07','DD/MM/RR'),'O','S01001009','S','EIR00142',null,'0');
Insert into EIR.OF_MENU_OPCION (MENU_OPCION,NOMBRE,MENU,COD_USUARIO,FEC_ACTUALIZACION,TIPO_OPCION,ITEM_OPCION,IND_ACTIVO,PROGRAMA,ICONO,ESTADO) values ('S01001009019','Catalogo Cuenta Contable','3','1',to_date('26/06/07','DD/MM/RR'),'O','S01001009','S','EIR00144',null,'0');
Insert into EIR.OF_MENU_OPCION (MENU_OPCION,NOMBRE,MENU,COD_USUARIO,FEC_ACTUALIZACION,TIPO_OPCION,ITEM_OPCION,IND_ACTIVO,PROGRAMA,ICONO,ESTADO) values ('S01001001015','Tipo Oficina','3','1',to_date('07/12/06','DD/MM/RR'),'O','S01001001','S','EIR00116',null,'0');
Insert into EIR.OF_MENU_OPCION (MENU_OPCION,NOMBRE,MENU,COD_USUARIO,FEC_ACTUALIZACION,TIPO_OPCION,ITEM_OPCION,IND_ACTIVO,PROGRAMA,ICONO,ESTADO) values ('S01001010004','Cargo Funcional','3','1',to_date('07/12/06','DD/MM/RR'),'O','S01001010','S','EIR00115',null,'0');
Insert into EIR.OF_MENU_OPCION (MENU_OPCION,NOMBRE,MENU,COD_USUARIO,FEC_ACTUALIZACION,TIPO_OPCION,ITEM_OPCION,IND_ACTIVO,PROGRAMA,ICONO,ESTADO) values ('S01001010005','Equivalencia Categoria Empleado','3','1',to_date('07/12/06','DD/MM/RR'),'O','S01001010','S','EIR00117',null,'1');
Insert into EIR.OF_MENU_OPCION (MENU_OPCION,NOMBRE,MENU,COD_USUARIO,FEC_ACTUALIZACION,TIPO_OPCION,ITEM_OPCION,IND_ACTIVO,PROGRAMA,ICONO,ESTADO) values ('S01001010006','Equivalencia Sede','3','1',to_date('07/12/06','DD/MM/RR'),'O','S01001010','S','EIR00118',null,'1');
Insert into EIR.OF_MENU_OPCION (MENU_OPCION,NOMBRE,MENU,COD_USUARIO,FEC_ACTUALIZACION,TIPO_OPCION,ITEM_OPCION,IND_ACTIVO,PROGRAMA,ICONO,ESTADO) values ('S01001009013','Clasificacion SBS por Clasificacion','3','1',to_date('07/12/06','DD/MM/RR'),'O','S01001009','S','EIR00110',null,'0');
Insert into EIR.OF_MENU_OPCION (MENU_OPCION,NOMBRE,MENU,COD_USUARIO,FEC_ACTUALIZACION,TIPO_OPCION,ITEM_OPCION,IND_ACTIVO,PROGRAMA,ICONO,ESTADO) values ('S01001009014','Indicador de Atraso','3','1',to_date('07/12/06','DD/MM/RR'),'O','S01001009','S','EIR00122',null,'0');
Insert into EIR.OF_MENU_OPCION (MENU_OPCION,NOMBRE,MENU,COD_USUARIO,FEC_ACTUALIZACION,TIPO_OPCION,ITEM_OPCION,IND_ACTIVO,PROGRAMA,ICONO,ESTADO) values ('S01009','Cliente Deudor','3','1',to_date('07/12/06','DD/MM/RR'),'O','S01','S','EIR00216',null,'1');
Insert into EIR.OF_MENU_OPCION (MENU_OPCION,NOMBRE,MENU,COD_USUARIO,FEC_ACTUALIZACION,TIPO_OPCION,ITEM_OPCION,IND_ACTIVO,PROGRAMA,ICONO,ESTADO) values ('S01010','Cliente','3','1',to_date('07/12/06','DD/MM/RR'),'O','S01','S','EIR00217',null,'1');
Insert into EIR.OF_MENU_OPCION (MENU_OPCION,NOMBRE,MENU,COD_USUARIO,FEC_ACTUALIZACION,TIPO_OPCION,ITEM_OPCION,IND_ACTIVO,PROGRAMA,ICONO,ESTADO) values ('S01012','Refinanciados','3','1',to_date('21/07/06','DD/MM/RR'),'M','S01','S',null,null,'1');
Insert into EIR.OF_MENU_OPCION (MENU_OPCION,NOMBRE,MENU,COD_USUARIO,FEC_ACTUALIZACION,TIPO_OPCION,ITEM_OPCION,IND_ACTIVO,PROGRAMA,ICONO,ESTADO) values ('S01012001','Clientes','3','1',to_date('07/12/06','DD/MM/RR'),'O','S01012','S','EIR00065',null,'1');
Insert into EIR.OF_MENU_OPCION (MENU_OPCION,NOMBRE,MENU,COD_USUARIO,FEC_ACTUALIZACION,TIPO_OPCION,ITEM_OPCION,IND_ACTIVO,PROGRAMA,ICONO,ESTADO) values ('S01012002','Tasa de Descuento','3','1',to_date('07/12/06','DD/MM/RR'),'O','S01012','S','EIR00066',null,'1');
Insert into EIR.OF_MENU_OPCION (MENU_OPCION,NOMBRE,MENU,COD_USUARIO,FEC_ACTUALIZACION,TIPO_OPCION,ITEM_OPCION,IND_ACTIVO,PROGRAMA,ICONO,ESTADO) values ('S01','Administracion','3','1',to_date('22/11/04','DD/MM/RR'),'M',null,'S',null,'fa-tools','1');
Insert into EIR.OF_MENU_OPCION (MENU_OPCION,NOMBRE,MENU,COD_USUARIO,FEC_ACTUALIZACION,TIPO_OPCION,ITEM_OPCION,IND_ACTIVO,PROGRAMA,ICONO,ESTADO) values ('S01001','Tablas','3','1',to_date('22/11/04','DD/MM/RR'),'M','S01','S',null,'fa-table','1');
Insert into EIR.OF_MENU_OPCION (MENU_OPCION,NOMBRE,MENU,COD_USUARIO,FEC_ACTUALIZACION,TIPO_OPCION,ITEM_OPCION,IND_ACTIVO,PROGRAMA,ICONO,ESTADO) values ('S01001001','Generales','3','1',to_date('22/11/04','DD/MM/RR'),'M','S01001','S',null,'fa-folder','1');
Insert into EIR.OF_MENU_OPCION (MENU_OPCION,NOMBRE,MENU,COD_USUARIO,FEC_ACTUALIZACION,TIPO_OPCION,ITEM_OPCION,IND_ACTIVO,PROGRAMA,ICONO,ESTADO) values ('S01001001001','Periodos','3','1',to_date('07/12/06','DD/MM/RR'),'O','S01001001','S','EIR00026',null,'1');
Insert into EIR.OF_MENU_OPCION (MENU_OPCION,NOMBRE,MENU,COD_USUARIO,FEC_ACTUALIZACION,TIPO_OPCION,ITEM_OPCION,IND_ACTIVO,PROGRAMA,ICONO,ESTADO) values ('S01001001002','Empresa','3','1',to_date('07/12/06','DD/MM/RR'),'O','S01001001','S','EIR00016',null,'0');
Insert into EIR.OF_MENU_OPCION (MENU_OPCION,NOMBRE,MENU,COD_USUARIO,FEC_ACTUALIZACION,TIPO_OPCION,ITEM_OPCION,IND_ACTIVO,PROGRAMA,ICONO,ESTADO) values ('S01001001003','Oficina','3','1',to_date('07/12/06','DD/MM/RR'),'O','S01001001','S','EIR00017',null,'1');
Insert into EIR.OF_MENU_OPCION (MENU_OPCION,NOMBRE,MENU,COD_USUARIO,FEC_ACTUALIZACION,TIPO_OPCION,ITEM_OPCION,IND_ACTIVO,PROGRAMA,ICONO,ESTADO) values ('S01001001004','Moneda','3','1',to_date('07/12/06','DD/MM/RR'),'O','S01001001','S','EIR00059',null,'0');
Insert into EIR.OF_MENU_OPCION (MENU_OPCION,NOMBRE,MENU,COD_USUARIO,FEC_ACTUALIZACION,TIPO_OPCION,ITEM_OPCION,IND_ACTIVO,PROGRAMA,ICONO,ESTADO) values ('S01001001005','Equivalencias','3','1',to_date('07/12/06','DD/MM/RR'),'O','S01001001','S','EIR00083',null,'0');
Insert into EIR.OF_MENU_OPCION (MENU_OPCION,NOMBRE,MENU,COD_USUARIO,FEC_ACTUALIZACION,TIPO_OPCION,ITEM_OPCION,IND_ACTIVO,PROGRAMA,ICONO,ESTADO) values ('S01001001006','Ubigeo','3','1',to_date('07/12/06','DD/MM/RR'),'O','S01001001','S','EIR00085',null,'0');
Insert into EIR.OF_MENU_OPCION (MENU_OPCION,NOMBRE,MENU,COD_USUARIO,FEC_ACTUALIZACION,TIPO_OPCION,ITEM_OPCION,IND_ACTIVO,PROGRAMA,ICONO,ESTADO) values ('S01001002','Clientes','3','1',to_date('22/11/04','DD/MM/RR'),'M','S01001','S',null,null,'0');
Insert into EIR.OF_MENU_OPCION (MENU_OPCION,NOMBRE,MENU,COD_USUARIO,FEC_ACTUALIZACION,TIPO_OPCION,ITEM_OPCION,IND_ACTIVO,PROGRAMA,ICONO,ESTADO) values ('S01001002001','Tipo Documento Identidad','3','1',to_date('07/12/06','DD/MM/RR'),'O','S01001002','S','EIR00006',null,'0');
Insert into EIR.OF_MENU_OPCION (MENU_OPCION,NOMBRE,MENU,COD_USUARIO,FEC_ACTUALIZACION,TIPO_OPCION,ITEM_OPCION,IND_ACTIVO,PROGRAMA,ICONO,ESTADO) values ('S01001002002','Genero','3','1',to_date('07/12/06','DD/MM/RR'),'O','S01001002','S','EIR00007',null,'0');
Insert into EIR.OF_MENU_OPCION (MENU_OPCION,NOMBRE,MENU,COD_USUARIO,FEC_ACTUALIZACION,TIPO_OPCION,ITEM_OPCION,IND_ACTIVO,PROGRAMA,ICONO,ESTADO) values ('S01001002003','Tipo de Cliente','3','1',to_date('07/12/06','DD/MM/RR'),'O','S01001002','S','EIR00018',null,'0');
Insert into EIR.OF_MENU_OPCION (MENU_OPCION,NOMBRE,MENU,COD_USUARIO,FEC_ACTUALIZACION,TIPO_OPCION,ITEM_OPCION,IND_ACTIVO,PROGRAMA,ICONO,ESTADO) values ('S01001002004','Residencia','3','1',to_date('07/12/06','DD/MM/RR'),'O','S01001002','S','EIR00008',null,'0');
Insert into EIR.OF_MENU_OPCION (MENU_OPCION,NOMBRE,MENU,COD_USUARIO,FEC_ACTUALIZACION,TIPO_OPCION,ITEM_OPCION,IND_ACTIVO,PROGRAMA,ICONO,ESTADO) values ('S01001002005','Estado Civil','3','1',to_date('07/12/06','DD/MM/RR'),'O','S01001002','S','EIR00009',null,'0');
Insert into EIR.OF_MENU_OPCION (MENU_OPCION,NOMBRE,MENU,COD_USUARIO,FEC_ACTUALIZACION,TIPO_OPCION,ITEM_OPCION,IND_ACTIVO,PROGRAMA,ICONO,ESTADO) values ('S01001002006','Pais de Residencia','3','1',to_date('07/12/06','DD/MM/RR'),'O','S01001002','S','EIR00010',null,'0');
Insert into EIR.OF_MENU_OPCION (MENU_OPCION,NOMBRE,MENU,COD_USUARIO,FEC_ACTUALIZACION,TIPO_OPCION,ITEM_OPCION,IND_ACTIVO,PROGRAMA,ICONO,ESTADO) values ('S01001002007','Relacion Laboral','3','1',to_date('07/12/06','DD/MM/RR'),'O','S01001002','S','EIR00011',null,'0');
Insert into EIR.OF_MENU_OPCION (MENU_OPCION,NOMBRE,MENU,COD_USUARIO,FEC_ACTUALIZACION,TIPO_OPCION,ITEM_OPCION,IND_ACTIVO,PROGRAMA,ICONO,ESTADO) values ('S01001002008','Tipo de Persona','3','1',to_date('07/12/06','DD/MM/RR'),'O','S01001002','S','EIR00012',null,'0');
Insert into EIR.OF_MENU_OPCION (MENU_OPCION,NOMBRE,MENU,COD_USUARIO,FEC_ACTUALIZACION,TIPO_OPCION,ITEM_OPCION,IND_ACTIVO,PROGRAMA,ICONO,ESTADO) values ('S01001002009','Accionista de Empresa','3','1',to_date('07/12/06','DD/MM/RR'),'O','S01001002','S','EIR00013',null,'0');
Insert into EIR.OF_MENU_OPCION (MENU_OPCION,NOMBRE,MENU,COD_USUARIO,FEC_ACTUALIZACION,TIPO_OPCION,ITEM_OPCION,IND_ACTIVO,PROGRAMA,ICONO,ESTADO) values ('S01001002010','Magnitud','3','1',to_date('07/12/06','DD/MM/RR'),'O','S01001002','S','EIR00014',null,'0');
Insert into EIR.OF_MENU_OPCION (MENU_OPCION,NOMBRE,MENU,COD_USUARIO,FEC_ACTUALIZACION,TIPO_OPCION,ITEM_OPCION,IND_ACTIVO,PROGRAMA,ICONO,ESTADO) values ('S01001002011','Tipo Documento Tributario','3','1',to_date('07/12/06','DD/MM/RR'),'O','S01001002','S','EIR00048',null,'0');
Insert into EIR.OF_MENU_OPCION (MENU_OPCION,NOMBRE,MENU,COD_USUARIO,FEC_ACTUALIZACION,TIPO_OPCION,ITEM_OPCION,IND_ACTIVO,PROGRAMA,ICONO,ESTADO) values ('S01001002012','Oficina Registral','3','1',to_date('07/12/06','DD/MM/RR'),'O','S01001002','S','EIR00050',null,'0');
Insert into EIR.OF_MENU_OPCION (MENU_OPCION,NOMBRE,MENU,COD_USUARIO,FEC_ACTUALIZACION,TIPO_OPCION,ITEM_OPCION,IND_ACTIVO,PROGRAMA,ICONO,ESTADO) values ('S01001002013','SubSede Oficina Registral','3','1',to_date('07/12/06','DD/MM/RR'),'O','S01001002','S','EIR00051',null,'0');
Insert into EIR.OF_MENU_OPCION (MENU_OPCION,NOMBRE,MENU,COD_USUARIO,FEC_ACTUALIZACION,TIPO_OPCION,ITEM_OPCION,IND_ACTIVO,PROGRAMA,ICONO,ESTADO) values ('S01001002014','Tipo de Identificacion','3','1',to_date('07/12/06','DD/MM/RR'),'O','S01001002','S','EIR00049',null,'0');
Insert into EIR.OF_MENU_OPCION (MENU_OPCION,NOMBRE,MENU,COD_USUARIO,FEC_ACTUALIZACION,TIPO_OPCION,ITEM_OPCION,IND_ACTIVO,PROGRAMA,ICONO,ESTADO) values ('S01001002015','Codigo CIIU','3','1',to_date('07/12/06','DD/MM/RR'),'O','S01001002','S','EIR00037',null,'0');
Insert into EIR.OF_MENU_OPCION (MENU_OPCION,NOMBRE,MENU,COD_USUARIO,FEC_ACTUALIZACION,TIPO_OPCION,ITEM_OPCION,IND_ACTIVO,PROGRAMA,ICONO,ESTADO) values ('S01001002016','Riesgo Cambiario','3','1',to_date('07/12/06','DD/MM/RR'),'O','S01001002','S','EIR00064',null,'0');
Insert into EIR.OF_MENU_OPCION (MENU_OPCION,NOMBRE,MENU,COD_USUARIO,FEC_ACTUALIZACION,TIPO_OPCION,ITEM_OPCION,IND_ACTIVO,PROGRAMA,ICONO,ESTADO) values ('S01001003','Diccionario','3','1',to_date('07/12/06','DD/MM/RR'),'O','S01001','S','EIR00075',null,'0');
Insert into EIR.OF_MENU_OPCION (MENU_OPCION,NOMBRE,MENU,COD_USUARIO,FEC_ACTUALIZACION,TIPO_OPCION,ITEM_OPCION,IND_ACTIVO,PROGRAMA,ICONO,ESTADO) values ('S01001004','Interface','3','1',to_date('30/11/04','DD/MM/RR'),'M','S01001','S',null,null,'0');
Insert into EIR.OF_MENU_OPCION (MENU_OPCION,NOMBRE,MENU,COD_USUARIO,FEC_ACTUALIZACION,TIPO_OPCION,ITEM_OPCION,IND_ACTIVO,PROGRAMA,ICONO,ESTADO) values ('S01001004001','Category','3','1',to_date('07/12/06','DD/MM/RR'),'O','S01001004','S','EIR00080',null,'0');
Insert into EIR.OF_MENU_OPCION (MENU_OPCION,NOMBRE,MENU,COD_USUARIO,FEC_ACTUALIZACION,TIPO_OPCION,ITEM_OPCION,IND_ACTIVO,PROGRAMA,ICONO,ESTADO) values ('S01001004002','Attribute','3','1',to_date('07/12/06','DD/MM/RR'),'O','S01001004','S','EIR00081',null,'0');
Insert into EIR.OF_MENU_OPCION (MENU_OPCION,NOMBRE,MENU,COD_USUARIO,FEC_ACTUALIZACION,TIPO_OPCION,ITEM_OPCION,IND_ACTIVO,PROGRAMA,ICONO,ESTADO) values ('S01001005','Calendario','3','1',to_date('07/12/06','DD/MM/RR'),'O','S01001','S','EIR00087',null,'0');
Insert into EIR.OF_MENU_OPCION (MENU_OPCION,NOMBRE,MENU,COD_USUARIO,FEC_ACTUALIZACION,TIPO_OPCION,ITEM_OPCION,IND_ACTIVO,PROGRAMA,ICONO,ESTADO) values ('S01001006','Formula','3','1',to_date('07/12/06','DD/MM/RR'),'O','S01001','S','EIR00088',null,'0');
Insert into EIR.OF_MENU_OPCION (MENU_OPCION,NOMBRE,MENU,COD_USUARIO,FEC_ACTUALIZACION,TIPO_OPCION,ITEM_OPCION,IND_ACTIVO,PROGRAMA,ICONO,ESTADO) values ('S01001007','Productos','3','1',to_date('22/11/04','DD/MM/RR'),'M','S01001','S',null,null,'0');
Insert into EIR.OF_MENU_OPCION (MENU_OPCION,NOMBRE,MENU,COD_USUARIO,FEC_ACTUALIZACION,TIPO_OPCION,ITEM_OPCION,IND_ACTIVO,PROGRAMA,ICONO,ESTADO) values ('S01001007001','Producto Financiero','3','1',to_date('07/12/06','DD/MM/RR'),'O','S01001007','S','EIR00025',null,'0');
Insert into EIR.OF_MENU_OPCION (MENU_OPCION,NOMBRE,MENU,COD_USUARIO,FEC_ACTUALIZACION,TIPO_OPCION,ITEM_OPCION,IND_ACTIVO,PROGRAMA,ICONO,ESTADO) values ('S01001007002','Producto Concepto Saldo','3','1',to_date('07/12/06','DD/MM/RR'),'O','S01001007','S','EIR00086',null,'0');
Insert into EIR.OF_MENU_OPCION (MENU_OPCION,NOMBRE,MENU,COD_USUARIO,FEC_ACTUALIZACION,TIPO_OPCION,ITEM_OPCION,IND_ACTIVO,PROGRAMA,ICONO,ESTADO) values ('S01001008','Procesos','3','1',to_date('22/11/04','DD/MM/RR'),'M','S01001','S',null,null,'0');
Insert into EIR.OF_MENU_OPCION (MENU_OPCION,NOMBRE,MENU,COD_USUARIO,FEC_ACTUALIZACION,TIPO_OPCION,ITEM_OPCION,IND_ACTIVO,PROGRAMA,ICONO,ESTADO) values ('S01001008001','Procesos','3','1',to_date('07/12/06','DD/MM/RR'),'O','S01001008','S','EIR00070',null,'0');
Insert into EIR.OF_MENU_OPCION (MENU_OPCION,NOMBRE,MENU,COD_USUARIO,FEC_ACTUALIZACION,TIPO_OPCION,ITEM_OPCION,IND_ACTIVO,PROGRAMA,ICONO,ESTADO) values ('S01001008002','Constante','3','1',to_date('07/12/06','DD/MM/RR'),'O','S01001008','S','EIR00054',null,'0');
Insert into EIR.OF_MENU_OPCION (MENU_OPCION,NOMBRE,MENU,COD_USUARIO,FEC_ACTUALIZACION,TIPO_OPCION,ITEM_OPCION,IND_ACTIVO,PROGRAMA,ICONO,ESTADO) values ('S01001008003','Proceso Atributos','3','1',to_date('07/12/06','DD/MM/RR'),'O','S01001008','S','EIR00055',null,'0');
Insert into EIR.OF_MENU_OPCION (MENU_OPCION,NOMBRE,MENU,COD_USUARIO,FEC_ACTUALIZACION,TIPO_OPCION,ITEM_OPCION,IND_ACTIVO,PROGRAMA,ICONO,ESTADO) values ('S01001008004','Proceso Estado','3','1',to_date('07/12/06','DD/MM/RR'),'O','S01001008','S','EIR00053',null,'0');
Insert into EIR.OF_MENU_OPCION (MENU_OPCION,NOMBRE,MENU,COD_USUARIO,FEC_ACTUALIZACION,TIPO_OPCION,ITEM_OPCION,IND_ACTIVO,PROGRAMA,ICONO,ESTADO) values ('S01001008005','Proceso Fase','3','1',to_date('07/12/06','DD/MM/RR'),'O','S01001008','S','EIR00046',null,'0');
Insert into EIR.OF_MENU_OPCION (MENU_OPCION,NOMBRE,MENU,COD_USUARIO,FEC_ACTUALIZACION,TIPO_OPCION,ITEM_OPCION,IND_ACTIVO,PROGRAMA,ICONO,ESTADO) values ('S01001009','Cierre Mensual','3','1',to_date('22/11/04','DD/MM/RR'),'M','S01001','S',null,null,'0');
Insert into EIR.OF_MENU_OPCION (MENU_OPCION,NOMBRE,MENU,COD_USUARIO,FEC_ACTUALIZACION,TIPO_OPCION,ITEM_OPCION,IND_ACTIVO,PROGRAMA,ICONO,ESTADO) values ('S01001009001','Cuenta Contable','3','1',to_date('07/12/06','DD/MM/RR'),'O','S01001009','S','EIR00027',null,'0');
Insert into EIR.OF_MENU_OPCION (MENU_OPCION,NOMBRE,MENU,COD_USUARIO,FEC_ACTUALIZACION,TIPO_OPCION,ITEM_OPCION,IND_ACTIVO,PROGRAMA,ICONO,ESTADO) values ('S01001009002','Condicion Especial de Cuenta','3','1',to_date('07/12/06','DD/MM/RR'),'O','S01001009','S','EIR00060',null,'0');
Insert into EIR.OF_MENU_OPCION (MENU_OPCION,NOMBRE,MENU,COD_USUARIO,FEC_ACTUALIZACION,TIPO_OPCION,ITEM_OPCION,IND_ACTIVO,PROGRAMA,ICONO,ESTADO) values ('S01001009003','Condicion de Disponibilidad','3','1',to_date('07/12/06','DD/MM/RR'),'O','S01001009','S','EIR00061',null,'0');
Insert into EIR.OF_MENU_OPCION (MENU_OPCION,NOMBRE,MENU,COD_USUARIO,FEC_ACTUALIZACION,TIPO_OPCION,ITEM_OPCION,IND_ACTIVO,PROGRAMA,ICONO,ESTADO) values ('S01001009004','Clasificacion SBS','3','1',to_date('07/12/06','DD/MM/RR'),'O','S01001009','S','EIR00015',null,'0');
Insert into EIR.OF_MENU_OPCION (MENU_OPCION,NOMBRE,MENU,COD_USUARIO,FEC_ACTUALIZACION,TIPO_OPCION,ITEM_OPCION,IND_ACTIVO,PROGRAMA,ICONO,ESTADO) values ('S01001009005','Porcentaje Clasificacion SBS','3','1',to_date('07/12/06','DD/MM/RR'),'O','S01001009','S','EIR00036',null,'0');
Insert into EIR.OF_MENU_OPCION (MENU_OPCION,NOMBRE,MENU,COD_USUARIO,FEC_ACTUALIZACION,TIPO_OPCION,ITEM_OPCION,IND_ACTIVO,PROGRAMA,ICONO,ESTADO) values ('S01001009006','Situacion de Credito','3','1',to_date('07/12/06','DD/MM/RR'),'O','S01001009','S','EIR00024',null,'0');
Insert into EIR.OF_MENU_OPCION (MENU_OPCION,NOMBRE,MENU,COD_USUARIO,FEC_ACTUALIZACION,TIPO_OPCION,ITEM_OPCION,IND_ACTIVO,PROGRAMA,ICONO,ESTADO) values ('S01001009007','Tipo de Credito','3','1',to_date('07/12/06','DD/MM/RR'),'O','S01001009','S','EIR00019',null,'0');
Insert into EIR.OF_MENU_OPCION (MENU_OPCION,NOMBRE,MENU,COD_USUARIO,FEC_ACTUALIZACION,TIPO_OPCION,ITEM_OPCION,IND_ACTIVO,PROGRAMA,ICONO,ESTADO) values ('S01001009008','Tipo de Credito SBS','3','1',to_date('07/12/06','DD/MM/RR'),'O','S01001009','S','EIR00020',null,'0');
Insert into EIR.OF_MENU_OPCION (MENU_OPCION,NOMBRE,MENU,COD_USUARIO,FEC_ACTUALIZACION,TIPO_OPCION,ITEM_OPCION,IND_ACTIVO,PROGRAMA,ICONO,ESTADO) values ('S01001009009','Concepto de Saldo','3','1',to_date('07/12/06','DD/MM/RR'),'O','S01001009','S','EIR00021',null,'0');
Insert into EIR.OF_MENU_OPCION (MENU_OPCION,NOMBRE,MENU,COD_USUARIO,FEC_ACTUALIZACION,TIPO_OPCION,ITEM_OPCION,IND_ACTIVO,PROGRAMA,ICONO,ESTADO) values ('S01001009010','Clasificacion de Concepto','3','1',to_date('07/12/06','DD/MM/RR'),'O','S01001009','S','EIR00022',null,'0');
Insert into EIR.OF_MENU_OPCION (MENU_OPCION,NOMBRE,MENU,COD_USUARIO,FEC_ACTUALIZACION,TIPO_OPCION,ITEM_OPCION,IND_ACTIVO,PROGRAMA,ICONO,ESTADO) values ('S01001009011','Grupo Concepto de Saldo','3','1',to_date('07/12/06','DD/MM/RR'),'O','S01001009','S','EIR00023',null,'0');
Insert into EIR.OF_MENU_OPCION (MENU_OPCION,NOMBRE,MENU,COD_USUARIO,FEC_ACTUALIZACION,TIPO_OPCION,ITEM_OPCION,IND_ACTIVO,PROGRAMA,ICONO,ESTADO) values ('S01001009012','Modalidad Pago','3','1',to_date('07/12/06','DD/MM/RR'),'O','S01001009','S','EIR00068',null,'0');
Insert into EIR.OF_MENU_OPCION (MENU_OPCION,NOMBRE,MENU,COD_USUARIO,FEC_ACTUALIZACION,TIPO_OPCION,ITEM_OPCION,IND_ACTIVO,PROGRAMA,ICONO,ESTADO) values ('S01002','Configuracion Anexo','3','1',to_date('22/11/04','DD/MM/RR'),'M','S01','S',null,null,'0');
Insert into EIR.OF_MENU_OPCION (MENU_OPCION,NOMBRE,MENU,COD_USUARIO,FEC_ACTUALIZACION,TIPO_OPCION,ITEM_OPCION,IND_ACTIVO,PROGRAMA,ICONO,ESTADO) values ('S01002001','Anexo','3','1',to_date('07/12/06','DD/MM/RR'),'O','S01002','S','EIR00001',null,'0');
Insert into EIR.OF_MENU_OPCION (MENU_OPCION,NOMBRE,MENU,COD_USUARIO,FEC_ACTUALIZACION,TIPO_OPCION,ITEM_OPCION,IND_ACTIVO,PROGRAMA,ICONO,ESTADO) values ('S01002002','Anexo Fila','3','1',to_date('07/12/06','DD/MM/RR'),'O','S01002','S','EIR00002',null,'0');
Insert into EIR.OF_MENU_OPCION (MENU_OPCION,NOMBRE,MENU,COD_USUARIO,FEC_ACTUALIZACION,TIPO_OPCION,ITEM_OPCION,IND_ACTIVO,PROGRAMA,ICONO,ESTADO) values ('S01002003','Anexo Columna','3','1',to_date('07/12/06','DD/MM/RR'),'O','S01002','S','EIR00003',null,'0');
Insert into EIR.OF_MENU_OPCION (MENU_OPCION,NOMBRE,MENU,COD_USUARIO,FEC_ACTUALIZACION,TIPO_OPCION,ITEM_OPCION,IND_ACTIVO,PROGRAMA,ICONO,ESTADO) values ('S01002004','Anexo Fila Columna','3','1',to_date('07/12/06','DD/MM/RR'),'O','S01002','S','EIR00005',null,'0');
Insert into EIR.OF_MENU_OPCION (MENU_OPCION,NOMBRE,MENU,COD_USUARIO,FEC_ACTUALIZACION,TIPO_OPCION,ITEM_OPCION,IND_ACTIVO,PROGRAMA,ICONO,ESTADO) values ('S01002005','Anexo Fila Columna Factor','3','1',to_date('13/04/07','DD/MM/RR'),'O','S01002','S','EIR00131',null,'0');
Insert into EIR.OF_MENU_OPCION (MENU_OPCION,NOMBRE,MENU,COD_USUARIO,FEC_ACTUALIZACION,TIPO_OPCION,ITEM_OPCION,IND_ACTIVO,PROGRAMA,ICONO,ESTADO) values ('S01002006','Factores','3','1',to_date('13/04/07','DD/MM/RR'),'O','S01002','S','EIR00033',null,'0');
Insert into EIR.OF_MENU_OPCION (MENU_OPCION,NOMBRE,MENU,COD_USUARIO,FEC_ACTUALIZACION,TIPO_OPCION,ITEM_OPCION,IND_ACTIVO,PROGRAMA,ICONO,ESTADO) values ('S01003','Anexo Informe','3','1',to_date('07/12/06','DD/MM/RR'),'O','S01','S','EIR00004',null,'1');
Insert into EIR.OF_MENU_OPCION (MENU_OPCION,NOMBRE,MENU,COD_USUARIO,FEC_ACTUALIZACION,TIPO_OPCION,ITEM_OPCION,IND_ACTIVO,PROGRAMA,ICONO,ESTADO) values ('S01005','Grupo Economico','3','1',to_date('07/12/06','DD/MM/RR'),'O','S01','S','EIR00089',null,'0');
Insert into EIR.OF_MENU_OPCION (MENU_OPCION,NOMBRE,MENU,COD_USUARIO,FEC_ACTUALIZACION,TIPO_OPCION,ITEM_OPCION,IND_ACTIVO,PROGRAMA,ICONO,ESTADO) values ('S01006','Financiamiento Vinculado Empresa','3','1',to_date('07/12/06','DD/MM/RR'),'O','S01','S','EIR00094',null,'0');
Insert into EIR.OF_MENU_OPCION (MENU_OPCION,NOMBRE,MENU,COD_USUARIO,FEC_ACTUALIZACION,TIPO_OPCION,ITEM_OPCION,IND_ACTIVO,PROGRAMA,ICONO,ESTADO) values ('S02','Procesos','3','1',to_date('22/11/04','DD/MM/RR'),'M',null,'S',null,'fa-gears','1');
Insert into EIR.OF_MENU_OPCION (MENU_OPCION,NOMBRE,MENU,COD_USUARIO,FEC_ACTUALIZACION,TIPO_OPCION,ITEM_OPCION,IND_ACTIVO,PROGRAMA,ICONO,ESTADO) values ('S02002','Carga Interfaz RCD','3','1',to_date('07/12/06','DD/MM/RR'),'O','S02','S','EIR00030',null,'1');
Insert into EIR.OF_MENU_OPCION (MENU_OPCION,NOMBRE,MENU,COD_USUARIO,FEC_ACTUALIZACION,TIPO_OPCION,ITEM_OPCION,IND_ACTIVO,PROGRAMA,ICONO,ESTADO) values ('S02005','Carga Interfaz Refinanciado','3','1',to_date('07/12/06','DD/MM/RR'),'O','S02','S','EIR00067',null,'1');
Insert into EIR.OF_MENU_OPCION (MENU_OPCION,NOMBRE,MENU,COD_USUARIO,FEC_ACTUALIZACION,TIPO_OPCION,ITEM_OPCION,IND_ACTIVO,PROGRAMA,ICONO,ESTADO) values ('S02006','Procesos','3','1',to_date('07/12/06','DD/MM/RR'),'O','S02','S','EIR00077',null,'1');
Insert into EIR.OF_MENU_OPCION (MENU_OPCION,NOMBRE,MENU,COD_USUARIO,FEC_ACTUALIZACION,TIPO_OPCION,ITEM_OPCION,IND_ACTIVO,PROGRAMA,ICONO,ESTADO) values ('S02008','Generador RRCD (Rectificaciones)','3','1',to_date('07/12/06','DD/MM/RR'),'O','S02','S','EIR00057',null,'1');
Insert into EIR.OF_MENU_OPCION (MENU_OPCION,NOMBRE,MENU,COD_USUARIO,FEC_ACTUALIZACION,TIPO_OPCION,ITEM_OPCION,IND_ACTIVO,PROGRAMA,ICONO,ESTADO) values ('S03','Consultas','3','1',to_date('22/11/04','DD/MM/RR'),'M',null,'S',null,'fa-table-search','1');
Insert into EIR.OF_MENU_OPCION (MENU_OPCION,NOMBRE,MENU,COD_USUARIO,FEC_ACTUALIZACION,TIPO_OPCION,ITEM_OPCION,IND_ACTIVO,PROGRAMA,ICONO,ESTADO) values ('S03001','Solicitudes','3','1',to_date('07/12/06','DD/MM/RR'),'O','S03','S','EIR00063',null,'1');
Insert into EIR.OF_MENU_OPCION (MENU_OPCION,NOMBRE,MENU,COD_USUARIO,FEC_ACTUALIZACION,TIPO_OPCION,ITEM_OPCION,IND_ACTIVO,PROGRAMA,ICONO,ESTADO) values ('S01001002018','Profesion','3','1',to_date('07/12/06','DD/MM/RR'),'O','S01001002','S','EIR00218',null,'0');
Insert into EIR.OF_MENU_OPCION (MENU_OPCION,NOMBRE,MENU,COD_USUARIO,FEC_ACTUALIZACION,TIPO_OPCION,ITEM_OPCION,IND_ACTIVO,PROGRAMA,ICONO,ESTADO) values ('S01001002017','Ocupacion','3','1',to_date('07/12/06','DD/MM/RR'),'O','S01001002','S','EIR00136',null,'0');
Insert into EIR.OF_MENU_OPCION (MENU_OPCION,NOMBRE,MENU,COD_USUARIO,FEC_ACTUALIZACION,TIPO_OPCION,ITEM_OPCION,IND_ACTIVO,PROGRAMA,ICONO,ESTADO) values ('S01001009023','Condicion Sobre Endeudamiento','3','1',to_date('06/06/10','DD/MM/RR'),'O','S01001009','S','EIR00219',null,'0');
Insert into EIR.OF_MENU_OPCION (MENU_OPCION,NOMBRE,MENU,COD_USUARIO,FEC_ACTUALIZACION,TIPO_OPCION,ITEM_OPCION,IND_ACTIVO,PROGRAMA,ICONO,ESTADO) values ('S01001013','CTS','3','1',to_date('13/02/14','DD/MM/RR'),'M','S01001','S',null,'fa-analytics','1');
Insert into EIR.OF_MENU_OPCION (MENU_OPCION,NOMBRE,MENU,COD_USUARIO,FEC_ACTUALIZACION,TIPO_OPCION,ITEM_OPCION,IND_ACTIVO,PROGRAMA,ICONO,ESTADO) values ('S01001013001','Fondo Seguro de Deposito','3','1',to_date('13/02/14','DD/MM/RR'),'O','S01001013','S','EIR00223',null,'1');
Insert into EIR.OF_MENU_OPCION (MENU_OPCION,NOMBRE,MENU,COD_USUARIO,FEC_ACTUALIZACION,TIPO_OPCION,ITEM_OPCION,IND_ACTIVO,PROGRAMA,ICONO,ESTADO) values ('S01020001','Tablas','3','1',to_date('04/09/11','DD/MM/RR'),'M','S01020','S',null,null,'0');
Insert into EIR.OF_MENU_OPCION (MENU_OPCION,NOMBRE,MENU,COD_USUARIO,FEC_ACTUALIZACION,TIPO_OPCION,ITEM_OPCION,IND_ACTIVO,PROGRAMA,ICONO,ESTADO) values ('S01021','Cronogramas','3','1',to_date('07/12/06','DD/MM/RR'),'M','S01','S',null,null,'0');
Insert into EIR.OF_MENU_OPCION (MENU_OPCION,NOMBRE,MENU,COD_USUARIO,FEC_ACTUALIZACION,TIPO_OPCION,ITEM_OPCION,IND_ACTIVO,PROGRAMA,ICONO,ESTADO) values ('S01021001','Institucion Financiera','3','1',to_date('07/12/06','DD/MM/RR'),'O','S01021','S','EIR00220',null,'0');
Insert into EIR.OF_MENU_OPCION (MENU_OPCION,NOMBRE,MENU,COD_USUARIO,FEC_ACTUALIZACION,TIPO_OPCION,ITEM_OPCION,IND_ACTIVO,PROGRAMA,ICONO,ESTADO) values ('S01021002','Producto Financiero','3','1',to_date('07/12/06','DD/MM/RR'),'O','S01021','S','EIR00221',null,'0');
Insert into EIR.OF_MENU_OPCION (MENU_OPCION,NOMBRE,MENU,COD_USUARIO,FEC_ACTUALIZACION,TIPO_OPCION,ITEM_OPCION,IND_ACTIVO,PROGRAMA,ICONO,ESTADO) values ('S01021003','Anexo Tramo','3','1',to_date('07/12/06','DD/MM/RR'),'O','S01021','S','EIR00222',null,'0');
Insert into EIR.OF_MENU_OPCION (MENU_OPCION,NOMBRE,MENU,COD_USUARIO,FEC_ACTUALIZACION,TIPO_OPCION,ITEM_OPCION,IND_ACTIVO,PROGRAMA,ICONO,ESTADO) values ('S01020','BCR','3','1',to_date('04/09/11','DD/MM/RR'),'M','S01','S',null,null,'0');
Insert into EIR.OF_MENU_OPCION (MENU_OPCION,NOMBRE,MENU,COD_USUARIO,FEC_ACTUALIZACION,TIPO_OPCION,ITEM_OPCION,IND_ACTIVO,PROGRAMA,ICONO,ESTADO) values ('S01020001001','Tipo Canal','3','1',to_date('04/09/11','DD/MM/RR'),'O','S01020001','S','EIR00212',null,'0');
Insert into EIR.OF_MENU_OPCION (MENU_OPCION,NOMBRE,MENU,COD_USUARIO,FEC_ACTUALIZACION,TIPO_OPCION,ITEM_OPCION,IND_ACTIVO,PROGRAMA,ICONO,ESTADO) values ('S01020001002','Tipo Actividad','3','1',to_date('04/09/11','DD/MM/RR'),'O','S01020001','S','EIR00213',null,'0');
Insert into EIR.OF_MENU_OPCION (MENU_OPCION,NOMBRE,MENU,COD_USUARIO,FEC_ACTUALIZACION,TIPO_OPCION,ITEM_OPCION,IND_ACTIVO,PROGRAMA,ICONO,ESTADO) values ('S01020001003','Tipo Documento','3','1',to_date('04/09/11','DD/MM/RR'),'O','S01020001','S','EIR00214',null,'0');
Insert into EIR.OF_MENU_OPCION (MENU_OPCION,NOMBRE,MENU,COD_USUARIO,FEC_ACTUALIZACION,TIPO_OPCION,ITEM_OPCION,IND_ACTIVO,PROGRAMA,ICONO,ESTADO) values ('S01020002','Canales','3','1',to_date('04/09/11','DD/MM/RR'),'O','S01020','S','EIR00211',null,'0');
Insert into EIR.OF_MENU_OPCION (MENU_OPCION,NOMBRE,MENU,COD_USUARIO,FEC_ACTUALIZACION,TIPO_OPCION,ITEM_OPCION,IND_ACTIVO,PROGRAMA,ICONO,ESTADO) values ('S01001001020','Cambio Diario','3','1',to_date('25/04/12','DD/MM/RR'),'O','S01001001','S','EIR00225',null,'1');
Insert into EIR.OF_MENU_OPCION (MENU_OPCION,NOMBRE,MENU,COD_USUARIO,FEC_ACTUALIZACION,TIPO_OPCION,ITEM_OPCION,IND_ACTIVO,PROGRAMA,ICONO,ESTADO) values ('S01001001019','Cuentas Factor','3','1',to_date('25/04/12','DD/MM/RR'),'O','S01001001','S','EIR00224',null,'0');
Insert into EIR.OF_MENU_OPCION (MENU_OPCION,NOMBRE,MENU,COD_USUARIO,FEC_ACTUALIZACION,TIPO_OPCION,ITEM_OPCION,IND_ACTIVO,PROGRAMA,ICONO,ESTADO) values ('S05006','Proceso por Usuario','3','1',to_date('07/12/06','DD/MM/RR'),'O','S05','S','EIR00076',null,'0');
Insert into EIR.OF_MENU_OPCION (MENU_OPCION,NOMBRE,MENU,COD_USUARIO,FEC_ACTUALIZACION,TIPO_OPCION,ITEM_OPCION,IND_ACTIVO,PROGRAMA,ICONO,ESTADO) values ('S05008','Proceso por Email','3','1',to_date('07/12/06','DD/MM/RR'),'O','S05','S','EIR00078',null,'0');
Insert into EIR.OF_MENU_OPCION (MENU_OPCION,NOMBRE,MENU,COD_USUARIO,FEC_ACTUALIZACION,TIPO_OPCION,ITEM_OPCION,IND_ACTIVO,PROGRAMA,ICONO,ESTADO) values ('S05009','Log por Usuario','3','1',to_date('07/12/06','DD/MM/RR'),'O','S05','S','EIR00079',null,'0');
Insert into EIR.OF_MENU_OPCION (MENU_OPCION,NOMBRE,MENU,COD_USUARIO,FEC_ACTUALIZACION,TIPO_OPCION,ITEM_OPCION,IND_ACTIVO,PROGRAMA,ICONO,ESTADO) values ('S05003','Responsabilidades','3','1',to_date('01/10/09','DD/MM/RR'),'O','S05','S','CP000290',null,'1');
Insert into EIR.OF_MENU_OPCION (MENU_OPCION,NOMBRE,MENU,COD_USUARIO,FEC_ACTUALIZACION,TIPO_OPCION,ITEM_OPCION,IND_ACTIVO,PROGRAMA,ICONO,ESTADO) values ('S05004','Acceso por Responsabildades','3','1',to_date('01/10/09','DD/MM/RR'),'O','S05','S','CP000280',null,'1');
Insert into EIR.OF_MENU_OPCION (MENU_OPCION,NOMBRE,MENU,COD_USUARIO,FEC_ACTUALIZACION,TIPO_OPCION,ITEM_OPCION,IND_ACTIVO,PROGRAMA,ICONO,ESTADO) values ('S05005','Anexo por Usuario','3','1',to_date('07/12/06','DD/MM/RR'),'O','S05','S','EIR00028',null,'1');
Insert into EIR.OF_MENU_OPCION (MENU_OPCION,NOMBRE,MENU,COD_USUARIO,FEC_ACTUALIZACION,TIPO_OPCION,ITEM_OPCION,IND_ACTIVO,PROGRAMA,ICONO,ESTADO) values ('S05001','Usuarios','3','1',to_date('10/11/22','DD/MM/RR'),'O','S05','S',null,null,'1');
Insert into EIR.OF_MENU_OPCION (MENU_OPCION,NOMBRE,MENU,COD_USUARIO,FEC_ACTUALIZACION,TIPO_OPCION,ITEM_OPCION,IND_ACTIVO,PROGRAMA,ICONO,ESTADO) values ('S05010','Reportes','3','1',to_date('10/11/22','DD/MM/RR'),'M','S05','S',null,null,'1');
Insert into EIR.OF_MENU_OPCION (MENU_OPCION,NOMBRE,MENU,COD_USUARIO,FEC_ACTUALIZACION,TIPO_OPCION,ITEM_OPCION,IND_ACTIVO,PROGRAMA,ICONO,ESTADO) values ('S0501001','Acceso al Sistema','3','1',to_date('10/11/22','DD/MM/RR'),'O','S05010','S',null,null,'1');
Insert into EIR.OF_MENU_OPCION (MENU_OPCION,NOMBRE,MENU,COD_USUARIO,FEC_ACTUALIZACION,TIPO_OPCION,ITEM_OPCION,IND_ACTIVO,PROGRAMA,ICONO,ESTADO) values ('S0501002','Movimientos','3','1',to_date('10/11/22','DD/MM/RR'),'O','S05010','S',null,null,'1');
Insert into EIR.OF_MENU_OPCION (MENU_OPCION,NOMBRE,MENU,COD_USUARIO,FEC_ACTUALIZACION,TIPO_OPCION,ITEM_OPCION,IND_ACTIVO,PROGRAMA,ICONO,ESTADO) values ('S0500101','Mantenimiento Usuario','3','1',to_date('08/02/23','DD/MM/RR'),'O','S05001','S',null,null,'0');
Insert into EIR.OF_MENU_OPCION (MENU_OPCION,NOMBRE,MENU,COD_USUARIO,FEC_ACTUALIZACION,TIPO_OPCION,ITEM_OPCION,IND_ACTIVO,PROGRAMA,ICONO,ESTADO) values ('S0100100100101','Periodos Procesos','3','1',to_date('08/02/23','DD/MM/RR'),'O','S01001001001','S',null,null,'0');
REM INSERTING into EIR.OF_RESPONSABILIDAD
SET DEFINE OFF;
Insert into EIR.OF_RESPONSABILIDAD (RESPONSABILIDAD,NOMBRE,COD_USUARIO,FEC_ACTUALIZACION,MENU) values ('24','YESENIA','1',to_date('06/04/15','DD/MM/RR'),'3');
Insert into EIR.OF_RESPONSABILIDAD (RESPONSABILIDAD,NOMBRE,COD_USUARIO,FEC_ACTUALIZACION,MENU) values ('22','RESPONSABILIDAD PRUEBA','1',to_date('16/07/12','DD/MM/RR'),'3');
Insert into EIR.OF_RESPONSABILIDAD (RESPONSABILIDAD,NOMBRE,COD_USUARIO,FEC_ACTUALIZACION,MENU) values ('17','REPORTES','1',to_date('10/08/12','DD/MM/RR'),'3');
Insert into EIR.OF_RESPONSABILIDAD (RESPONSABILIDAD,NOMBRE,COD_USUARIO,FEC_ACTUALIZACION,MENU) values ('15','TESORERO','1',to_date('21/11/11','DD/MM/RR'),'3');
Insert into EIR.OF_RESPONSABILIDAD (RESPONSABILIDAD,NOMBRE,COD_USUARIO,FEC_ACTUALIZACION,MENU) values ('10','SBS - AUDITORIA','1',to_date('19/05/06','DD/MM/RR'),'3');
Insert into EIR.OF_RESPONSABILIDAD (RESPONSABILIDAD,NOMBRE,COD_USUARIO,FEC_ACTUALIZACION,MENU) values ('11','SBS - COBRANZAS','1',to_date('14/04/07','DD/MM/RR'),'3');
Insert into EIR.OF_RESPONSABILIDAD (RESPONSABILIDAD,NOMBRE,COD_USUARIO,FEC_ACTUALIZACION,MENU) values ('9','SBS - OPERACIONES ADMINISTRACION','1',to_date('19/01/06','DD/MM/RR'),'3');
Insert into EIR.OF_RESPONSABILIDAD (RESPONSABILIDAD,NOMBRE,COD_USUARIO,FEC_ACTUALIZACION,MENU) values ('8','SBS - SEGURIDAD INFORMATICA','1',to_date('05/10/05','DD/MM/RR'),'3');
Insert into EIR.OF_RESPONSABILIDAD (RESPONSABILIDAD,NOMBRE,COD_USUARIO,FEC_ACTUALIZACION,MENU) values ('4','SBS - RIESGO OPERACION Y MERCADO','1',to_date('22/08/05','DD/MM/RR'),'3');
Insert into EIR.OF_RESPONSABILIDAD (RESPONSABILIDAD,NOMBRE,COD_USUARIO,FEC_ACTUALIZACION,MENU) values ('5','SBS - OPERACIONES','1',to_date('17/03/06','DD/MM/RR'),'3');
Insert into EIR.OF_RESPONSABILIDAD (RESPONSABILIDAD,NOMBRE,COD_USUARIO,FEC_ACTUALIZACION,MENU) values ('6','SBS - CONTABILIDAD','1',to_date('22/08/05','DD/MM/RR'),'3');
Insert into EIR.OF_RESPONSABILIDAD (RESPONSABILIDAD,NOMBRE,COD_USUARIO,FEC_ACTUALIZACION,MENU) values ('7','SBS - SISTEMAS','1',to_date('02/04/07','DD/MM/RR'),'3');
Insert into EIR.OF_RESPONSABILIDAD (RESPONSABILIDAD,NOMBRE,COD_USUARIO,FEC_ACTUALIZACION,MENU) values ('3','SBS - RIESGO CREDITICIO','1',to_date('22/08/05','DD/MM/RR'),'3');
Insert into EIR.OF_RESPONSABILIDAD (RESPONSABILIDAD,NOMBRE,COD_USUARIO,FEC_ACTUALIZACION,MENU) values ('0','ADMINISTRADOR','1',to_date('15/07/04','DD/MM/RR'),'3');
Insert into EIR.OF_RESPONSABILIDAD (RESPONSABILIDAD,NOMBRE,COD_USUARIO,FEC_ACTUALIZACION,MENU) values ('13','SBS - ATENCION AL CLIENTE','1',to_date('11/04/08','DD/MM/RR'),'3');
Insert into EIR.OF_RESPONSABILIDAD (RESPONSABILIDAD,NOMBRE,COD_USUARIO,FEC_ACTUALIZACION,MENU) values ('14','SBS - PLANEAMIENTO','1',to_date('15/10/08','DD/MM/RR'),'3');
Insert into EIR.OF_RESPONSABILIDAD (RESPONSABILIDAD,NOMBRE,COD_USUARIO,FEC_ACTUALIZACION,MENU) values ('12','SBS - COMERCIAL','1',to_date('11/09/07','DD/MM/RR'),'3');
Insert into EIR.OF_RESPONSABILIDAD (RESPONSABILIDAD,NOMBRE,COD_USUARIO,FEC_ACTUALIZACION,MENU) values ('26','TECNOLOGIA DE LA INFORMACION','3',to_date('24/02/23','DD/MM/RR'),'3');
Insert into EIR.OF_RESPONSABILIDAD (RESPONSABILIDAD,NOMBRE,COD_USUARIO,FEC_ACTUALIZACION,MENU) values ('25','AUDITORIA INTERNA','1',to_date('07/02/23','DD/MM/RR'),'3');
REM INSERTING into EIR.OF_RESPONSABILIDAD_USUARIO
SET DEFINE OFF;
Insert into EIR.OF_RESPONSABILIDAD_USUARIO (COD_USUARIO,RESPONSABILIDAD,USR_ACTUALIZACION,FEC_ACTUALIZACION) values ('1','0','1',to_date('23/10/17','DD/MM/RR'));
Insert into EIR.OF_RESPONSABILIDAD_USUARIO (COD_USUARIO,RESPONSABILIDAD,USR_ACTUALIZACION,FEC_ACTUALIZACION) values ('1','17','1',to_date('06/02/23','DD/MM/RR'));
Insert into EIR.OF_RESPONSABILIDAD_USUARIO (COD_USUARIO,RESPONSABILIDAD,USR_ACTUALIZACION,FEC_ACTUALIZACION) values ('4','5','1',to_date('06/02/23','DD/MM/RR'));
Insert into EIR.OF_RESPONSABILIDAD_USUARIO (COD_USUARIO,RESPONSABILIDAD,USR_ACTUALIZACION,FEC_ACTUALIZACION) values ('3','22','1',to_date('11/11/22','DD/MM/RR'));
Insert into EIR.OF_RESPONSABILIDAD_USUARIO (COD_USUARIO,RESPONSABILIDAD,USR_ACTUALIZACION,FEC_ACTUALIZACION) values ('5','22','1',to_date('07/02/23','DD/MM/RR'));
Insert into EIR.OF_RESPONSABILIDAD_USUARIO (COD_USUARIO,RESPONSABILIDAD,USR_ACTUALIZACION,FEC_ACTUALIZACION) values ('27','6','1',to_date('14/02/23','DD/MM/RR'));
Insert into EIR.OF_RESPONSABILIDAD_USUARIO (COD_USUARIO,RESPONSABILIDAD,USR_ACTUALIZACION,FEC_ACTUALIZACION) values ('9','26','1',to_date('13/02/23','DD/MM/RR'));
Insert into EIR.OF_RESPONSABILIDAD_USUARIO (COD_USUARIO,RESPONSABILIDAD,USR_ACTUALIZACION,FEC_ACTUALIZACION) values ('3','13','1',to_date('13/03/23','DD/MM/RR'));
Insert into EIR.OF_RESPONSABILIDAD_USUARIO (COD_USUARIO,RESPONSABILIDAD,USR_ACTUALIZACION,FEC_ACTUALIZACION) values ('5','25','1',to_date('07/02/23','DD/MM/RR'));
Insert into EIR.OF_RESPONSABILIDAD_USUARIO (COD_USUARIO,RESPONSABILIDAD,USR_ACTUALIZACION,FEC_ACTUALIZACION) values ('5','17','1',to_date('07/02/23','DD/MM/RR'));
Insert into EIR.OF_RESPONSABILIDAD_USUARIO (COD_USUARIO,RESPONSABILIDAD,USR_ACTUALIZACION,FEC_ACTUALIZACION) values ('2','5','1',to_date('27/06/23','DD/MM/RR'));
REM INSERTING into EIR.OF_USUARIO
SET DEFINE OFF;
Insert into EIR.OF_USUARIO (COD_USUARIO,USERNAME,APELLIDO_PATERNO,APELLIDO_MATERNO,NOMBRES,CLAVE,FECHA_CREACION,USUARIO_CREACION,FECHA_INICIO,FECHA_FIN,MAIL,TIPO_USUARIO,USR_ACTUALIZACION,FEC_ACTUALIZACION) values ('1','ADM_PROD','ADMINISTRADOR','DE','OPEN','',to_date('15/05/12','DD/MM/RR'),'1',to_date('14/11/12','DD/MM/RR'),to_date('31/03/20','DD/MM/RR'),'adm_cleverly@outlook.es','B','1',to_date('21/03/23','DD/MM/RR'));
Insert into EIR.OF_USUARIO (COD_USUARIO,USERNAME,APELLIDO_PATERNO,APELLIDO_MATERNO,NOMBRES,CLAVE,FECHA_CREACION,USUARIO_CREACION,FECHA_INICIO,FECHA_FIN,MAIL,TIPO_USUARIO,USR_ACTUALIZACION,FEC_ACTUALIZACION) values ('2','ATOMAIRO','TOMAIRO','ZEVALLOS','ALEXANDRA','&942&.74',to_date('23/10/17','DD/MM/RR'),'14470',to_date('23/10/17','DD/MM/RR'),to_date('04/11/17','DD/MM/RR'),null,null,'14470',to_date('23/10/17','DD/MM/RR'));
Insert into EIR.OF_USUARIO (COD_USUARIO,USERNAME,APELLIDO_PATERNO,APELLIDO_MATERNO,NOMBRES,CLAVE,FECHA_CREACION,USUARIO_CREACION,FECHA_INICIO,FECHA_FIN,MAIL,TIPO_USUARIO,USR_ACTUALIZACION,FEC_ACTUALIZACION) values ('9','maria','torres','lopez','maria','RFWNF',to_date('10/02/23','DD/MM/RR'),'1',to_date('01/01/23','DD/MM/RR'),null,null,null,'1',to_date('10/02/23','DD/MM/RR'));
Insert into EIR.OF_USUARIO (COD_USUARIO,USERNAME,APELLIDO_PATERNO,APELLIDO_MATERNO,NOMBRES,CLAVE,FECHA_CREACION,USUARIO_CREACION,FECHA_INICIO,FECHA_FIN,MAIL,TIPO_USUARIO,USR_ACTUALIZACION,FEC_ACTUALIZACION) values ('3','SOPORTE','PRUEBA1','PRUEBA2','PRUEBA DE SOPORTE','',to_date('11/11/22','DD/MM/RR'),'1',to_date('11/11/22','DD/MM/RR'),to_date('30/11/22','DD/MM/RR'),'SOPORTE@ICLEVERLY.COM','B','1',to_date('06/02/23','DD/MM/RR'));
Insert into EIR.OF_USUARIO (COD_USUARIO,USERNAME,APELLIDO_PATERNO,APELLIDO_MATERNO,NOMBRES,CLAVE,FECHA_CREACION,USUARIO_CREACION,FECHA_INICIO,FECHA_FIN,MAIL,TIPO_USUARIO,USR_ACTUALIZACION,FEC_ACTUALIZACION) values ('4','PRUEBA','PRUEBA','PRUEBA','PRUEBA','',to_date('11/11/22','DD/MM/RR'),'1',to_date('14/11/22','DD/MM/RR'),to_date('29/12/22','DD/MM/RR'),null,null,'1',to_date('11/11/22','DD/MM/RR'));
Insert into EIR.OF_USUARIO (COD_USUARIO,USERNAME,APELLIDO_PATERNO,APELLIDO_MATERNO,NOMBRES,CLAVE,FECHA_CREACION,USUARIO_CREACION,FECHA_INICIO,FECHA_FIN,MAIL,TIPO_USUARIO,USR_ACTUALIZACION,FEC_ACTUALIZACION) values ('27','LUCIO.PEREZ','PEREZ','SILVA','LUCIO',null,to_date('13/02/23','DD/MM/RR'),'1',to_date('14/02/23','DD/MM/RR'),null,'LUCIO.PEREZ@ICLEVERLY.COM',null,'1',to_date('14/02/23','DD/MM/RR'));
Insert into EIR.OF_USUARIO (COD_USUARIO,USERNAME,APELLIDO_PATERNO,APELLIDO_MATERNO,NOMBRES,CLAVE,FECHA_CREACION,USUARIO_CREACION,FECHA_INICIO,FECHA_FIN,MAIL,TIPO_USUARIO,USR_ACTUALIZACION,FEC_ACTUALIZACION) values ('5','MARIA.LOZANO','LOZANO','GUEVARA','MARIA SOLEDAD ANA','RQT_FSTL',to_date('06/02/23','DD/MM/RR'),'1',to_date('06/02/23','DD/MM/RR'),to_date('30/04/23','DD/MM/RR'),'MARIA.LOZAMO@ICLEVERLY.COM',null,'1',to_date('21/03/23','DD/MM/RR'));
Insert into EIR.OF_USUARIO (COD_USUARIO,USERNAME,APELLIDO_PATERNO,APELLIDO_MATERNO,NOMBRES,CLAVE,FECHA_CREACION,USUARIO_CREACION,FECHA_INICIO,FECHA_FIN,MAIL,TIPO_USUARIO,USR_ACTUALIZACION,FEC_ACTUALIZACION) values ('28','USUARIO.PRD','PRUEBA','PRUEBA','PRUEBA ADMIN','',to_date('22/03/23','DD/MM/RR'),'1',to_date('22/03/23','DD/MM/RR'),to_date('31/03/23','DD/MM/RR'),null,null,'1',to_date('22/03/23','DD/MM/RR'));
REM INSERTING into EIR.OF_USUARIO_AUTENTICACION
SET DEFINE OFF;
Insert into EIR.OF_USUARIO_AUTENTICACION (COD_USU_AUTH,TOKEN,FECHA_CREACION) values ('2','442692','1669420414');
